corridor,scenario,elasticity,zone,hour,mean_annual_events
EDSA,baseline,0.8,EDSA_ZONE_01,00,11.378
EDSA,baseline,0.8,EDSA_ZONE_01,01,6.198
EDSA,baseline,0.8,EDSA_ZONE_01,02,1.226
EDSA,baseline,0.8,EDSA_ZONE_01,03,1.23
EDSA,baseline,0.8,EDSA_ZONE_01,04,8.136
EDSA,baseline,0.8,EDSA_ZONE_01,05,17.887
EDSA,baseline,0.8,EDSA_ZONE_01,06,22.302
EDSA,baseline,0.8,EDSA_ZONE_01,07,31.153
EDSA,baseline,0.8,EDSA_ZONE_01,08,42.456
EDSA,baseline,0.8,EDSA_ZONE_01,09,38.164
EDSA,baseline,0.8,EDSA_ZONE_01,10,27.261
EDSA,baseline,0.8,EDSA_ZONE_01,11,23.049
EDSA,baseline,0.8,EDSA_ZONE_01,12,15.555
EDSA,baseline,0.8,EDSA_ZONE_01,13,16.317
EDSA,baseline,0.8,EDSA_ZONE_01,14,21.946
EDSA,baseline,0.8,EDSA_ZONE_01,15,43.39
EDSA,baseline,0.8,EDSA_ZONE_01,16,44.923
EDSA,baseline,0.8,EDSA_ZONE_01,17,39.597
EDSA,baseline,0.8,EDSA_ZONE_01,18,24.506
EDSA,baseline,0.8,EDSA_ZONE_01,19,33.038
EDSA,baseline,0.8,EDSA_ZONE_01,20,35.132
EDSA,baseline,0.8,EDSA_ZONE_01,21,13.634
EDSA,baseline,0.8,EDSA_ZONE_01,22,21.04
EDSA,baseline,0.8,EDSA_ZONE_01,23,20.363
EDSA,baseline,0.8,EDSA_ZONE_01,UNKNOWN_TIME,3.824
EDSA,baseline,0.8,EDSA_ZONE_02,00,11.885
EDSA,baseline,0.8,EDSA_ZONE_02,01,4.409
EDSA,baseline,0.8,EDSA_ZONE_02,02,1.302
EDSA,baseline,0.8,EDSA_ZONE_02,03,1.278
EDSA,baseline,0.8,EDSA_ZONE_02,04,3.18
EDSA,baseline,0.8,EDSA_ZONE_02,05,13.585
EDSA,baseline,0.8,EDSA_ZONE_02,06,20.591
EDSA,baseline,0.8,EDSA_ZONE_02,07,37.944
EDSA,baseline,0.8,EDSA_ZONE_02,08,31.542
EDSA,baseline,0.8,EDSA_ZONE_02,09,29.742
EDSA,baseline,0.8,EDSA_ZONE_02,10,23.076
EDSA,baseline,0.8,EDSA_ZONE_02,11,26.819
EDSA,baseline,0.8,EDSA_ZONE_02,12,28.646
EDSA,baseline,0.8,EDSA_ZONE_02,13,17.941
EDSA,baseline,0.8,EDSA_ZONE_02,14,43.561
EDSA,baseline,0.8,EDSA_ZONE_02,15,46.025
EDSA,baseline,0.8,EDSA_ZONE_02,16,45.95
EDSA,baseline,0.8,EDSA_ZONE_02,17,35.131
EDSA,baseline,0.8,EDSA_ZONE_02,18,26.103
EDSA,baseline,0.8,EDSA_ZONE_02,19,29.142
EDSA,baseline,0.8,EDSA_ZONE_02,20,25.37
EDSA,baseline,0.8,EDSA_ZONE_02,21,21.782
EDSA,baseline,0.8,EDSA_ZONE_02,22,17.423
EDSA,baseline,0.8,EDSA_ZONE_02,23,17.994
EDSA,baseline,0.8,EDSA_ZONE_02,UNKNOWN_TIME,2.532
EDSA,baseline,0.8,EDSA_ZONE_03,00,7.555
EDSA,baseline,0.8,EDSA_ZONE_03,01,2.402
EDSA,baseline,0.8,EDSA_ZONE_03,03,1.868
EDSA,baseline,0.8,EDSA_ZONE_03,04,3.081
EDSA,baseline,0.8,EDSA_ZONE_03,05,8.03
EDSA,baseline,0.8,EDSA_ZONE_03,06,28.206
EDSA,baseline,0.8,EDSA_ZONE_03,07,39.153
EDSA,baseline,0.8,EDSA_ZONE_03,08,36.494
EDSA,baseline,0.8,EDSA_ZONE_03,09,28.315
EDSA,baseline,0.8,EDSA_ZONE_03,10,29.26
EDSA,baseline,0.8,EDSA_ZONE_03,11,28.953
EDSA,baseline,0.8,EDSA_ZONE_03,12,32.505
EDSA,baseline,0.8,EDSA_ZONE_03,13,15.487
EDSA,baseline,0.8,EDSA_ZONE_03,14,35.76
EDSA,baseline,0.8,EDSA_ZONE_03,15,48.961
EDSA,baseline,0.8,EDSA_ZONE_03,16,47.526
EDSA,baseline,0.8,EDSA_ZONE_03,17,36.169
EDSA,baseline,0.8,EDSA_ZONE_03,18,38.88
EDSA,baseline,0.8,EDSA_ZONE_03,19,35.064
EDSA,baseline,0.8,EDSA_ZONE_03,20,24.792
EDSA,baseline,0.8,EDSA_ZONE_03,21,8.767
EDSA,baseline,0.8,EDSA_ZONE_03,22,17.421
EDSA,baseline,0.8,EDSA_ZONE_03,23,6.859
EDSA,baseline,0.8,EDSA_ZONE_03,UNKNOWN_TIME,0.656
EDSA,baseline,0.8,EDSA_ZONE_04,00,9.504
EDSA,baseline,0.8,EDSA_ZONE_04,01,1.862
EDSA,baseline,0.8,EDSA_ZONE_04,02,0.648
EDSA,baseline,0.8,EDSA_ZONE_04,03,1.854
EDSA,baseline,0.8,EDSA_ZONE_04,04,5.648
EDSA,baseline,0.8,EDSA_ZONE_04,05,16.735
EDSA,baseline,0.8,EDSA_ZONE_04,06,28.511
EDSA,baseline,0.8,EDSA_ZONE_04,07,56.631
EDSA,baseline,0.8,EDSA_ZONE_04,08,48.127
EDSA,baseline,0.8,EDSA_ZONE_04,09,41.248
EDSA,baseline,0.8,EDSA_ZONE_04,10,44.133
EDSA,baseline,0.8,EDSA_ZONE_04,11,35.02
EDSA,baseline,0.8,EDSA_ZONE_04,12,24.875
EDSA,baseline,0.8,EDSA_ZONE_04,13,18.082
EDSA,baseline,0.8,EDSA_ZONE_04,14,25.52
EDSA,baseline,0.8,EDSA_ZONE_04,15,32.536
EDSA,baseline,0.8,EDSA_ZONE_04,16,29.006
EDSA,baseline,0.8,EDSA_ZONE_04,17,26.053
EDSA,baseline,0.8,EDSA_ZONE_04,18,27.793
EDSA,baseline,0.8,EDSA_ZONE_04,19,26.314
EDSA,baseline,0.8,EDSA_ZONE_04,20,14.216
EDSA,baseline,0.8,EDSA_ZONE_04,21,16.083
EDSA,baseline,0.8,EDSA_ZONE_04,22,13.13
EDSA,baseline,0.8,EDSA_ZONE_04,23,15.766
EDSA,baseline,0.8,EDSA_ZONE_04,UNKNOWN_TIME,3.766
EDSA,baseline,0.8,EDSA_ZONE_05,00,1.245
EDSA,baseline,0.8,EDSA_ZONE_05,01,5.622
EDSA,baseline,0.8,EDSA_ZONE_05,02,3.813
EDSA,baseline,0.8,EDSA_ZONE_05,03,2.482
EDSA,baseline,0.8,EDSA_ZONE_05,04,10.983
EDSA,baseline,0.8,EDSA_ZONE_05,05,21.048
EDSA,baseline,0.8,EDSA_ZONE_05,06,39.015
EDSA,baseline,0.8,EDSA_ZONE_05,07,58.591
EDSA,baseline,0.8,EDSA_ZONE_05,08,49.622
EDSA,baseline,0.8,EDSA_ZONE_05,09,55.248
EDSA,baseline,0.8,EDSA_ZONE_05,10,36.603
EDSA,baseline,0.8,EDSA_ZONE_05,11,42.811
EDSA,baseline,0.8,EDSA_ZONE_05,12,34.913
EDSA,baseline,0.8,EDSA_ZONE_05,13,19.197
EDSA,baseline,0.8,EDSA_ZONE_05,14,33.117
EDSA,baseline,0.8,EDSA_ZONE_05,15,23.087
EDSA,baseline,0.8,EDSA_ZONE_05,16,19.352
EDSA,baseline,0.8,EDSA_ZONE_05,17,20.188
EDSA,baseline,0.8,EDSA_ZONE_05,18,18.246
EDSA,baseline,0.8,EDSA_ZONE_05,19,15.538
EDSA,baseline,0.8,EDSA_ZONE_05,20,13.17
EDSA,baseline,0.8,EDSA_ZONE_05,21,12.042
EDSA,baseline,0.8,EDSA_ZONE_05,22,11.786
EDSA,baseline,0.8,EDSA_ZONE_05,23,10.555
EDSA,baseline,0.8,EDSA_ZONE_05,UNKNOWN_TIME,3.713
EDSA,baseline,0.8,EDSA_ZONE_06,00,8.764
EDSA,baseline,0.8,EDSA_ZONE_06,01,3.15
EDSA,baseline,0.8,EDSA_ZONE_06,02,3.675
EDSA,baseline,0.8,EDSA_ZONE_06,03,1.789
EDSA,baseline,0.8,EDSA_ZONE_06,04,13.835
EDSA,baseline,0.8,EDSA_ZONE_06,05,19.673
EDSA,baseline,0.8,EDSA_ZONE_06,06,36.758
EDSA,baseline,0.8,EDSA_ZONE_06,07,35.994
EDSA,baseline,0.8,EDSA_ZONE_06,08,35.95
EDSA,baseline,0.8,EDSA_ZONE_06,09,31.296
EDSA,baseline,0.8,EDSA_ZONE_06,10,32.388
EDSA,baseline,0.8,EDSA_ZONE_06,11,27.342
EDSA,baseline,0.8,EDSA_ZONE_06,12,28.441
EDSA,baseline,0.8,EDSA_ZONE_06,13,15.597
EDSA,baseline,0.8,EDSA_ZONE_06,14,20.939
EDSA,baseline,0.8,EDSA_ZONE_06,15,37.205
EDSA,baseline,0.8,EDSA_ZONE_06,16,34.193
EDSA,baseline,0.8,EDSA_ZONE_06,17,24.439
EDSA,baseline,0.8,EDSA_ZONE_06,18,31.029
EDSA,baseline,0.8,EDSA_ZONE_06,19,34.285
EDSA,baseline,0.8,EDSA_ZONE_06,20,23.629
EDSA,baseline,0.8,EDSA_ZONE_06,21,11.686
EDSA,baseline,0.8,EDSA_ZONE_06,22,27.397
EDSA,baseline,0.8,EDSA_ZONE_06,23,20.125
EDSA,baseline,0.8,EDSA_ZONE_06,UNKNOWN_TIME,3.851
EDSA,plus_10,0.8,EDSA_ZONE_01,00,12.125
EDSA,plus_10,0.8,EDSA_ZONE_01,01,6.72
EDSA,plus_10,0.8,EDSA_ZONE_01,02,1.347
EDSA,plus_10,0.8,EDSA_ZONE_01,03,1.321
EDSA,plus_10,0.8,EDSA_ZONE_01,04,8.742
EDSA,plus_10,0.8,EDSA_ZONE_01,05,19.399
EDSA,plus_10,0.8,EDSA_ZONE_01,06,23.861
EDSA,plus_10,0.8,EDSA_ZONE_01,07,33.091
EDSA,plus_10,0.8,EDSA_ZONE_01,08,45.33
EDSA,plus_10,0.8,EDSA_ZONE_01,09,41.021
EDSA,plus_10,0.8,EDSA_ZONE_01,10,29.553
EDSA,plus_10,0.8,EDSA_ZONE_01,11,24.607
EDSA,plus_10,0.8,EDSA_ZONE_01,12,16.677
EDSA,plus_10,0.8,EDSA_ZONE_01,13,17.378
EDSA,plus_10,0.8,EDSA_ZONE_01,14,23.195
EDSA,plus_10,0.8,EDSA_ZONE_01,15,46.841
EDSA,plus_10,0.8,EDSA_ZONE_01,16,47.716
EDSA,plus_10,0.8,EDSA_ZONE_01,17,42.586
EDSA,plus_10,0.8,EDSA_ZONE_01,18,25.875
EDSA,plus_10,0.8,EDSA_ZONE_01,19,35.321
EDSA,plus_10,0.8,EDSA_ZONE_01,20,37.652
EDSA,plus_10,0.8,EDSA_ZONE_01,21,14.655
EDSA,plus_10,0.8,EDSA_ZONE_01,22,22.758
EDSA,plus_10,0.8,EDSA_ZONE_01,23,21.796
EDSA,plus_10,0.8,EDSA_ZONE_01,UNKNOWN_TIME,4.068
EDSA,plus_10,0.8,EDSA_ZONE_02,00,12.534
EDSA,plus_10,0.8,EDSA_ZONE_02,01,4.628
EDSA,plus_10,0.8,EDSA_ZONE_02,02,1.391
EDSA,plus_10,0.8,EDSA_ZONE_02,03,1.306
EDSA,plus_10,0.8,EDSA_ZONE_02,04,3.303
EDSA,plus_10,0.8,EDSA_ZONE_02,05,15.019
EDSA,plus_10,0.8,EDSA_ZONE_02,06,21.878
EDSA,plus_10,0.8,EDSA_ZONE_02,07,40.677
EDSA,plus_10,0.8,EDSA_ZONE_02,08,34.101
EDSA,plus_10,0.8,EDSA_ZONE_02,09,32.07
EDSA,plus_10,0.8,EDSA_ZONE_02,10,24.539
EDSA,plus_10,0.8,EDSA_ZONE_02,11,28.768
EDSA,plus_10,0.8,EDSA_ZONE_02,12,30.357
EDSA,plus_10,0.8,EDSA_ZONE_02,13,19.455
EDSA,plus_10,0.8,EDSA_ZONE_02,14,47.016
EDSA,plus_10,0.8,EDSA_ZONE_02,15,49.381
EDSA,plus_10,0.8,EDSA_ZONE_02,16,49.595
EDSA,plus_10,0.8,EDSA_ZONE_02,17,37.704
EDSA,plus_10,0.8,EDSA_ZONE_02,18,28.152
EDSA,plus_10,0.8,EDSA_ZONE_02,19,31.177
EDSA,plus_10,0.8,EDSA_ZONE_02,20,27.685
EDSA,plus_10,0.8,EDSA_ZONE_02,21,23.538
EDSA,plus_10,0.8,EDSA_ZONE_02,22,18.692
EDSA,plus_10,0.8,EDSA_ZONE_02,23,19.162
EDSA,plus_10,0.8,EDSA_ZONE_02,UNKNOWN_TIME,2.685
EDSA,plus_10,0.8,EDSA_ZONE_03,00,8.161
EDSA,plus_10,0.8,EDSA_ZONE_03,01,2.67
EDSA,plus_10,0.8,EDSA_ZONE_03,03,2.054
EDSA,plus_10,0.8,EDSA_ZONE_03,04,3.34
EDSA,plus_10,0.8,EDSA_ZONE_03,05,8.644
EDSA,plus_10,0.8,EDSA_ZONE_03,06,30.148
EDSA,plus_10,0.8,EDSA_ZONE_03,07,42.037
EDSA,plus_10,0.8,EDSA_ZONE_03,08,39.503
EDSA,plus_10,0.8,EDSA_ZONE_03,09,30.611
EDSA,plus_10,0.8,EDSA_ZONE_03,10,31.517
EDSA,plus_10,0.8,EDSA_ZONE_03,11,30.64
EDSA,plus_10,0.8,EDSA_ZONE_03,12,34.689
EDSA,plus_10,0.8,EDSA_ZONE_03,13,16.661
EDSA,plus_10,0.8,EDSA_ZONE_03,14,38.797
EDSA,plus_10,0.8,EDSA_ZONE_03,15,52.788
EDSA,plus_10,0.8,EDSA_ZONE_03,16,51.01
EDSA,plus_10,0.8,EDSA_ZONE_03,17,38.8
EDSA,plus_10,0.8,EDSA_ZONE_03,18,42.006
EDSA,plus_10,0.8,EDSA_ZONE_03,19,37.367
EDSA,plus_10,0.8,EDSA_ZONE_03,20,26.691
EDSA,plus_10,0.8,EDSA_ZONE_03,21,9.392
EDSA,plus_10,0.8,EDSA_ZONE_03,22,18.522
EDSA,plus_10,0.8,EDSA_ZONE_03,23,7.361
EDSA,plus_10,0.8,EDSA_ZONE_03,UNKNOWN_TIME,0.679
EDSA,plus_10,0.8,EDSA_ZONE_04,00,9.837
EDSA,plus_10,0.8,EDSA_ZONE_04,01,1.98
EDSA,plus_10,0.8,EDSA_ZONE_04,02,0.704
EDSA,plus_10,0.8,EDSA_ZONE_04,03,2.013
EDSA,plus_10,0.8,EDSA_ZONE_04,04,6.011
EDSA,plus_10,0.8,EDSA_ZONE_04,05,17.937
EDSA,plus_10,0.8,EDSA_ZONE_04,06,30.892
EDSA,plus_10,0.8,EDSA_ZONE_04,07,60.748
EDSA,plus_10,0.8,EDSA_ZONE_04,08,51.473
EDSA,plus_10,0.8,EDSA_ZONE_04,09,44.373
EDSA,plus_10,0.8,EDSA_ZONE_04,10,47.398
EDSA,plus_10,0.8,EDSA_ZONE_04,11,37.283
EDSA,plus_10,0.8,EDSA_ZONE_04,12,26.691
EDSA,plus_10,0.8,EDSA_ZONE_04,13,19.301
EDSA,plus_10,0.8,EDSA_ZONE_04,14,27.253
EDSA,plus_10,0.8,EDSA_ZONE_04,15,35.051
EDSA,plus_10,0.8,EDSA_ZONE_04,16,31.469
EDSA,plus_10,0.8,EDSA_ZONE_04,17,27.772
EDSA,plus_10,0.8,EDSA_ZONE_04,18,29.945
EDSA,plus_10,0.8,EDSA_ZONE_04,19,28.258
EDSA,plus_10,0.8,EDSA_ZONE_04,20,15.31
EDSA,plus_10,0.8,EDSA_ZONE_04,21,17.436
EDSA,plus_10,0.8,EDSA_ZONE_04,22,13.837
EDSA,plus_10,0.8,EDSA_ZONE_04,23,16.746
EDSA,plus_10,0.8,EDSA_ZONE_04,UNKNOWN_TIME,4.059
EDSA,plus_10,0.8,EDSA_ZONE_05,00,1.382
EDSA,plus_10,0.8,EDSA_ZONE_05,01,6.022
EDSA,plus_10,0.8,EDSA_ZONE_05,02,3.938
EDSA,plus_10,0.8,EDSA_ZONE_05,03,2.737
EDSA,plus_10,0.8,EDSA_ZONE_05,04,12.114
EDSA,plus_10,0.8,EDSA_ZONE_05,05,23.1
EDSA,plus_10,0.8,EDSA_ZONE_05,06,42.314
EDSA,plus_10,0.8,EDSA_ZONE_05,07,63.674
EDSA,plus_10,0.8,EDSA_ZONE_05,08,53.758
EDSA,plus_10,0.8,EDSA_ZONE_05,09,60.019
EDSA,plus_10,0.8,EDSA_ZONE_05,10,39.258
EDSA,plus_10,0.8,EDSA_ZONE_05,11,45.965
EDSA,plus_10,0.8,EDSA_ZONE_05,12,37.206
EDSA,plus_10,0.8,EDSA_ZONE_05,13,20.693
EDSA,plus_10,0.8,EDSA_ZONE_05,14,35.72
EDSA,plus_10,0.8,EDSA_ZONE_05,15,24.799
EDSA,plus_10,0.8,EDSA_ZONE_05,16,20.64
EDSA,plus_10,0.8,EDSA_ZONE_05,17,22.204
EDSA,plus_10,0.8,EDSA_ZONE_05,18,19.582
EDSA,plus_10,0.8,EDSA_ZONE_05,19,16.385
EDSA,plus_10,0.8,EDSA_ZONE_05,20,13.828
EDSA,plus_10,0.8,EDSA_ZONE_05,21,12.457
EDSA,plus_10,0.8,EDSA_ZONE_05,22,12.808
EDSA,plus_10,0.8,EDSA_ZONE_05,23,11.291
EDSA,plus_10,0.8,EDSA_ZONE_05,UNKNOWN_TIME,4.04
EDSA,plus_10,0.8,EDSA_ZONE_06,00,9.479
EDSA,plus_10,0.8,EDSA_ZONE_06,01,3.381
EDSA,plus_10,0.8,EDSA_ZONE_06,02,3.967
EDSA,plus_10,0.8,EDSA_ZONE_06,03,1.992
EDSA,plus_10,0.8,EDSA_ZONE_06,04,14.551
EDSA,plus_10,0.8,EDSA_ZONE_06,05,20.58
EDSA,plus_10,0.8,EDSA_ZONE_06,06,39.556
EDSA,plus_10,0.8,EDSA_ZONE_06,07,38.927
EDSA,plus_10,0.8,EDSA_ZONE_06,08,38.57
EDSA,plus_10,0.8,EDSA_ZONE_06,09,33.356
EDSA,plus_10,0.8,EDSA_ZONE_06,10,34.732
EDSA,plus_10,0.8,EDSA_ZONE_06,11,29.601
EDSA,plus_10,0.8,EDSA_ZONE_06,12,30.813
EDSA,plus_10,0.8,EDSA_ZONE_06,13,16.612
EDSA,plus_10,0.8,EDSA_ZONE_06,14,22.522
EDSA,plus_10,0.8,EDSA_ZONE_06,15,39.712
EDSA,plus_10,0.8,EDSA_ZONE_06,16,36.574
EDSA,plus_10,0.8,EDSA_ZONE_06,17,26.14
EDSA,plus_10,0.8,EDSA_ZONE_06,18,33.361
EDSA,plus_10,0.8,EDSA_ZONE_06,19,36.707
EDSA,plus_10,0.8,EDSA_ZONE_06,20,25.391
EDSA,plus_10,0.8,EDSA_ZONE_06,21,12.478
EDSA,plus_10,0.8,EDSA_ZONE_06,22,29.408
EDSA,plus_10,0.8,EDSA_ZONE_06,23,21.325
EDSA,plus_10,0.8,EDSA_ZONE_06,UNKNOWN_TIME,4.123
EDSA,plus_20,0.8,EDSA_ZONE_01,00,12.726
EDSA,plus_20,0.8,EDSA_ZONE_01,01,7.232
EDSA,plus_20,0.8,EDSA_ZONE_01,02,1.44
EDSA,plus_20,0.8,EDSA_ZONE_01,03,1.423
EDSA,plus_20,0.8,EDSA_ZONE_01,04,9.366
EDSA,plus_20,0.8,EDSA_ZONE_01,05,20.79
EDSA,plus_20,0.8,EDSA_ZONE_01,06,25.778
EDSA,plus_20,0.8,EDSA_ZONE_01,07,36.013
EDSA,plus_20,0.8,EDSA_ZONE_01,08,48.765
EDSA,plus_20,0.8,EDSA_ZONE_01,09,43.65
EDSA,plus_20,0.8,EDSA_ZONE_01,10,31.265
EDSA,plus_20,0.8,EDSA_ZONE_01,11,26.359
EDSA,plus_20,0.8,EDSA_ZONE_01,12,17.889
EDSA,plus_20,0.8,EDSA_ZONE_01,13,18.617
EDSA,plus_20,0.8,EDSA_ZONE_01,14,25.051
EDSA,plus_20,0.8,EDSA_ZONE_01,15,50.118
EDSA,plus_20,0.8,EDSA_ZONE_01,16,51.754
EDSA,plus_20,0.8,EDSA_ZONE_01,17,45.768
EDSA,plus_20,0.8,EDSA_ZONE_01,18,28.048
EDSA,plus_20,0.8,EDSA_ZONE_01,19,37.774
EDSA,plus_20,0.8,EDSA_ZONE_01,20,40.076
EDSA,plus_20,0.8,EDSA_ZONE_01,21,15.59
EDSA,plus_20,0.8,EDSA_ZONE_01,22,24.475
EDSA,plus_20,0.8,EDSA_ZONE_01,23,23.668
EDSA,plus_20,0.8,EDSA_ZONE_01,UNKNOWN_TIME,4.312
EDSA,plus_20,0.8,EDSA_ZONE_02,00,13.764
EDSA,plus_20,0.8,EDSA_ZONE_02,01,5.002
EDSA,plus_20,0.8,EDSA_ZONE_02,02,1.442
EDSA,plus_20,0.8,EDSA_ZONE_02,03,1.405
EDSA,plus_20,0.8,EDSA_ZONE_02,04,3.54
EDSA,plus_20,0.8,EDSA_ZONE_02,05,15.716
EDSA,plus_20,0.8,EDSA_ZONE_02,06,23.472
EDSA,plus_20,0.8,EDSA_ZONE_02,07,43.578
EDSA,plus_20,0.8,EDSA_ZONE_02,08,36.428
EDSA,plus_20,0.8,EDSA_ZONE_02,09,34.235
EDSA,plus_20,0.8,EDSA_ZONE_02,10,26.577
EDSA,plus_20,0.8,EDSA_ZONE_02,11,30.954
EDSA,plus_20,0.8,EDSA_ZONE_02,12,32.893
EDSA,plus_20,0.8,EDSA_ZONE_02,13,20.765
EDSA,plus_20,0.8,EDSA_ZONE_02,14,49.966
EDSA,plus_20,0.8,EDSA_ZONE_02,15,53.288
EDSA,plus_20,0.8,EDSA_ZONE_02,16,52.903
EDSA,plus_20,0.8,EDSA_ZONE_02,17,40.242
EDSA,plus_20,0.8,EDSA_ZONE_02,18,29.964
EDSA,plus_20,0.8,EDSA_ZONE_02,19,33.779
EDSA,plus_20,0.8,EDSA_ZONE_02,20,29.174
EDSA,plus_20,0.8,EDSA_ZONE_02,21,24.945
EDSA,plus_20,0.8,EDSA_ZONE_02,22,20.024
EDSA,plus_20,0.8,EDSA_ZONE_02,23,20.79
EDSA,plus_20,0.8,EDSA_ZONE_02,UNKNOWN_TIME,2.971
EDSA,plus_20,0.8,EDSA_ZONE_03,00,8.6
EDSA,plus_20,0.8,EDSA_ZONE_03,01,2.889
EDSA,plus_20,0.8,EDSA_ZONE_03,03,2.111
EDSA,plus_20,0.8,EDSA_ZONE_03,04,3.474
EDSA,plus_20,0.8,EDSA_ZONE_03,05,9.349
EDSA,plus_20,0.8,EDSA_ZONE_03,06,32.253
EDSA,plus_20,0.8,EDSA_ZONE_03,07,44.929
EDSA,plus_20,0.8,EDSA_ZONE_03,08,42.444
EDSA,plus_20,0.8,EDSA_ZONE_03,09,33.133
EDSA,plus_20,0.8,EDSA_ZONE_03,10,33.748
EDSA,plus_20,0.8,EDSA_ZONE_03,11,33.08
EDSA,plus_20,0.8,EDSA_ZONE_03,12,37.294
EDSA,plus_20,0.8,EDSA_ZONE_03,13,18.033
EDSA,plus_20,0.8,EDSA_ZONE_03,14,41.538
EDSA,plus_20,0.8,EDSA_ZONE_03,15,56.43
EDSA,plus_20,0.8,EDSA_ZONE_03,16,55.399
EDSA,plus_20,0.8,EDSA_ZONE_03,17,41.746
EDSA,plus_20,0.8,EDSA_ZONE_03,18,45.484
EDSA,plus_20,0.8,EDSA_ZONE_03,19,40.098
EDSA,plus_20,0.8,EDSA_ZONE_03,20,28.603
EDSA,plus_20,0.8,EDSA_ZONE_03,21,10.024
EDSA,plus_20,0.8,EDSA_ZONE_03,22,20.169
EDSA,plus_20,0.8,EDSA_ZONE_03,23,7.908
EDSA,plus_20,0.8,EDSA_ZONE_03,UNKNOWN_TIME,0.719
EDSA,plus_20,0.8,EDSA_ZONE_04,00,10.851
EDSA,plus_20,0.8,EDSA_ZONE_04,01,2.125
EDSA,plus_20,0.8,EDSA_ZONE_04,02,0.664
EDSA,plus_20,0.8,EDSA_ZONE_04,03,2.146
EDSA,plus_20,0.8,EDSA_ZONE_04,04,6.331
EDSA,plus_20,0.8,EDSA_ZONE_04,05,19.436
EDSA,plus_20,0.8,EDSA_ZONE_04,06,32.96
EDSA,plus_20,0.8,EDSA_ZONE_04,07,65.12
EDSA,plus_20,0.8,EDSA_ZONE_04,08,55.174
EDSA,plus_20,0.8,EDSA_ZONE_04,09,47.539
EDSA,plus_20,0.8,EDSA_ZONE_04,10,51.323
EDSA,plus_20,0.8,EDSA_ZONE_04,11,40.211
EDSA,plus_20,0.8,EDSA_ZONE_04,12,28.638
EDSA,plus_20,0.8,EDSA_ZONE_04,13,20.815
EDSA,plus_20,0.8,EDSA_ZONE_04,14,29.449
EDSA,plus_20,0.8,EDSA_ZONE_04,15,37.347
EDSA,plus_20,0.8,EDSA_ZONE_04,16,33.805
EDSA,plus_20,0.8,EDSA_ZONE_04,17,30.274
EDSA,plus_20,0.8,EDSA_ZONE_04,18,32.238
EDSA,plus_20,0.8,EDSA_ZONE_04,19,29.965
EDSA,plus_20,0.8,EDSA_ZONE_04,20,16.303
EDSA,plus_20,0.8,EDSA_ZONE_04,21,18.638
EDSA,plus_20,0.8,EDSA_ZONE_04,22,15.066
EDSA,plus_20,0.8,EDSA_ZONE_04,23,17.694
EDSA,plus_20,0.8,EDSA_ZONE_04,UNKNOWN_TIME,4.33
EDSA,plus_20,0.8,EDSA_ZONE_05,00,1.488
EDSA,plus_20,0.8,EDSA_ZONE_05,01,6.608
EDSA,plus_20,0.8,EDSA_ZONE_05,02,4.265
EDSA,plus_20,0.8,EDSA_ZONE_05,03,2.928
EDSA,plus_20,0.8,EDSA_ZONE_05,04,12.698
EDSA,plus_20,0.8,EDSA_ZONE_05,05,24.51
EDSA,plus_20,0.8,EDSA_ZONE_05,06,45.359
EDSA,plus_20,0.8,EDSA_ZONE_05,07,67.946
EDSA,plus_20,0.8,EDSA_ZONE_05,08,57.466
EDSA,plus_20,0.8,EDSA_ZONE_05,09,63.934
EDSA,plus_20,0.8,EDSA_ZONE_05,10,42.536
EDSA,plus_20,0.8,EDSA_ZONE_05,11,49.468
EDSA,plus_20,0.8,EDSA_ZONE_05,12,39.853
EDSA,plus_20,0.8,EDSA_ZONE_05,13,22.262
EDSA,plus_20,0.8,EDSA_ZONE_05,14,37.893
EDSA,plus_20,0.8,EDSA_ZONE_05,15,26.716
EDSA,plus_20,0.8,EDSA_ZONE_05,16,22.196
EDSA,plus_20,0.8,EDSA_ZONE_05,17,23.839
EDSA,plus_20,0.8,EDSA_ZONE_05,18,20.841
EDSA,plus_20,0.8,EDSA_ZONE_05,19,17.683
EDSA,plus_20,0.8,EDSA_ZONE_05,20,15.139
EDSA,plus_20,0.8,EDSA_ZONE_05,21,13.404
EDSA,plus_20,0.8,EDSA_ZONE_05,22,13.672
EDSA,plus_20,0.8,EDSA_ZONE_05,23,12.048
EDSA,plus_20,0.8,EDSA_ZONE_05,UNKNOWN_TIME,4.276
EDSA,plus_20,0.8,EDSA_ZONE_06,00,10.071
EDSA,plus_20,0.8,EDSA_ZONE_06,01,3.674
EDSA,plus_20,0.8,EDSA_ZONE_06,02,4.277
EDSA,plus_20,0.8,EDSA_ZONE_06,03,2.132
EDSA,plus_20,0.8,EDSA_ZONE_06,04,15.756
EDSA,plus_20,0.8,EDSA_ZONE_06,05,22.253
EDSA,plus_20,0.8,EDSA_ZONE_06,06,42.566
EDSA,plus_20,0.8,EDSA_ZONE_06,07,41.453
EDSA,plus_20,0.8,EDSA_ZONE_06,08,41.513
EDSA,plus_20,0.8,EDSA_ZONE_06,09,35.77
EDSA,plus_20,0.8,EDSA_ZONE_06,10,37.263
EDSA,plus_20,0.8,EDSA_ZONE_06,11,31.394
EDSA,plus_20,0.8,EDSA_ZONE_06,12,32.715
EDSA,plus_20,0.8,EDSA_ZONE_06,13,18.075
EDSA,plus_20,0.8,EDSA_ZONE_06,14,24.413
EDSA,plus_20,0.8,EDSA_ZONE_06,15,42.87
EDSA,plus_20,0.8,EDSA_ZONE_06,16,39.56
EDSA,plus_20,0.8,EDSA_ZONE_06,17,28.014
EDSA,plus_20,0.8,EDSA_ZONE_06,18,35.918
EDSA,plus_20,0.8,EDSA_ZONE_06,19,39.557
EDSA,plus_20,0.8,EDSA_ZONE_06,20,27.402
EDSA,plus_20,0.8,EDSA_ZONE_06,21,13.492
EDSA,plus_20,0.8,EDSA_ZONE_06,22,31.646
EDSA,plus_20,0.8,EDSA_ZONE_06,23,23.04
EDSA,plus_20,0.8,EDSA_ZONE_06,UNKNOWN_TIME,4.273
EDSA,plus_30,0.8,EDSA_ZONE_01,00,13.791
EDSA,plus_30,0.8,EDSA_ZONE_01,01,7.77
EDSA,plus_30,0.8,EDSA_ZONE_01,02,1.582
EDSA,plus_30,0.8,EDSA_ZONE_01,03,1.633
EDSA,plus_30,0.8,EDSA_ZONE_01,04,9.912
EDSA,plus_30,0.8,EDSA_ZONE_01,05,22.318
EDSA,plus_30,0.8,EDSA_ZONE_01,06,27.441
EDSA,plus_30,0.8,EDSA_ZONE_01,07,38.401
EDSA,plus_30,0.8,EDSA_ZONE_01,08,52.337
EDSA,plus_30,0.8,EDSA_ZONE_01,09,46.967
EDSA,plus_30,0.8,EDSA_ZONE_01,10,33.34
EDSA,plus_30,0.8,EDSA_ZONE_01,11,28.373
EDSA,plus_30,0.8,EDSA_ZONE_01,12,19.343
EDSA,plus_30,0.8,EDSA_ZONE_01,13,20.064
EDSA,plus_30,0.8,EDSA_ZONE_01,14,26.714
EDSA,plus_30,0.8,EDSA_ZONE_01,15,53.523
EDSA,plus_30,0.8,EDSA_ZONE_01,16,55.512
EDSA,plus_30,0.8,EDSA_ZONE_01,17,49.429
EDSA,plus_30,0.8,EDSA_ZONE_01,18,30.162
EDSA,plus_30,0.8,EDSA_ZONE_01,19,40.95
EDSA,plus_30,0.8,EDSA_ZONE_01,20,42.73
EDSA,plus_30,0.8,EDSA_ZONE_01,21,17.019
EDSA,plus_30,0.8,EDSA_ZONE_01,22,26.291
EDSA,plus_30,0.8,EDSA_ZONE_01,23,25.415
EDSA,plus_30,0.8,EDSA_ZONE_01,UNKNOWN_TIME,4.657
EDSA,plus_30,0.8,EDSA_ZONE_02,00,14.717
EDSA,plus_30,0.8,EDSA_ZONE_02,01,5.301
EDSA,plus_30,0.8,EDSA_ZONE_02,02,1.535
EDSA,plus_30,0.8,EDSA_ZONE_02,03,1.56
EDSA,plus_30,0.8,EDSA_ZONE_02,04,3.87
EDSA,plus_30,0.8,EDSA_ZONE_02,05,17.161
EDSA,plus_30,0.8,EDSA_ZONE_02,06,25.268
EDSA,plus_30,0.8,EDSA_ZONE_02,07,47.046
EDSA,plus_30,0.8,EDSA_ZONE_02,08,39.163
EDSA,plus_30,0.8,EDSA_ZONE_02,09,36.779
EDSA,plus_30,0.8,EDSA_ZONE_02,10,28.342
EDSA,plus_30,0.8,EDSA_ZONE_02,11,33.086
EDSA,plus_30,0.8,EDSA_ZONE_02,12,35.456
EDSA,plus_30,0.8,EDSA_ZONE_02,13,22.203
EDSA,plus_30,0.8,EDSA_ZONE_02,14,53.896
EDSA,plus_30,0.8,EDSA_ZONE_02,15,56.772
EDSA,plus_30,0.8,EDSA_ZONE_02,16,56.936
EDSA,plus_30,0.8,EDSA_ZONE_02,17,42.994
EDSA,plus_30,0.8,EDSA_ZONE_02,18,32.196
EDSA,plus_30,0.8,EDSA_ZONE_02,19,36.041
EDSA,plus_30,0.8,EDSA_ZONE_02,20,31.662
EDSA,plus_30,0.8,EDSA_ZONE_02,21,26.878
EDSA,plus_30,0.8,EDSA_ZONE_02,22,21.466
EDSA,plus_30,0.8,EDSA_ZONE_02,23,22.318
EDSA,plus_30,0.8,EDSA_ZONE_02,UNKNOWN_TIME,3.017
EDSA,plus_30,0.8,EDSA_ZONE_03,00,9.357
EDSA,plus_30,0.8,EDSA_ZONE_03,01,3.084
EDSA,plus_30,0.8,EDSA_ZONE_03,03,2.369
EDSA,plus_30,0.8,EDSA_ZONE_03,04,3.839
EDSA,plus_30,0.8,EDSA_ZONE_03,05,10.046
EDSA,plus_30,0.8,EDSA_ZONE_03,06,34.447
EDSA,plus_30,0.8,EDSA_ZONE_03,07,48.483
EDSA,plus_30,0.8,EDSA_ZONE_03,08,45.796
EDSA,plus_30,0.8,EDSA_ZONE_03,09,35.183
EDSA,plus_30,0.8,EDSA_ZONE_03,10,35.836
EDSA,plus_30,0.8,EDSA_ZONE_03,11,35.383
EDSA,plus_30,0.8,EDSA_ZONE_03,12,39.877
EDSA,plus_30,0.8,EDSA_ZONE_03,13,19.136
EDSA,plus_30,0.8,EDSA_ZONE_03,14,44.21
EDSA,plus_30,0.8,EDSA_ZONE_03,15,60.84
EDSA,plus_30,0.8,EDSA_ZONE_03,16,59.5
EDSA,plus_30,0.8,EDSA_ZONE_03,17,44.752
EDSA,plus_30,0.8,EDSA_ZONE_03,18,48.239
EDSA,plus_30,0.8,EDSA_ZONE_03,19,43.002
EDSA,plus_30,0.8,EDSA_ZONE_03,20,30.895
EDSA,plus_30,0.8,EDSA_ZONE_03,21,10.577
EDSA,plus_30,0.8,EDSA_ZONE_03,22,21.379
EDSA,plus_30,0.8,EDSA_ZONE_03,23,8.275
EDSA,plus_30,0.8,EDSA_ZONE_03,UNKNOWN_TIME,0.729
EDSA,plus_30,0.8,EDSA_ZONE_04,00,11.479
EDSA,plus_30,0.8,EDSA_ZONE_04,01,2.309
EDSA,plus_30,0.8,EDSA_ZONE_04,02,0.787
EDSA,plus_30,0.8,EDSA_ZONE_04,03,2.313
EDSA,plus_30,0.8,EDSA_ZONE_04,04,6.74
EDSA,plus_30,0.8,EDSA_ZONE_04,05,20.652
EDSA,plus_30,0.8,EDSA_ZONE_04,06,35.182
EDSA,plus_30,0.8,EDSA_ZONE_04,07,70.115
EDSA,plus_30,0.8,EDSA_ZONE_04,08,59.249
EDSA,plus_30,0.8,EDSA_ZONE_04,09,50.781
EDSA,plus_30,0.8,EDSA_ZONE_04,10,54.701
EDSA,plus_30,0.8,EDSA_ZONE_04,11,42.9
EDSA,plus_30,0.8,EDSA_ZONE_04,12,30.791
EDSA,plus_30,0.8,EDSA_ZONE_04,13,22.062
EDSA,plus_30,0.8,EDSA_ZONE_04,14,31.251
EDSA,plus_30,0.8,EDSA_ZONE_04,15,39.861
EDSA,plus_30,0.8,EDSA_ZONE_04,16,36.201
EDSA,plus_30,0.8,EDSA_ZONE_04,17,32.239
EDSA,plus_30,0.8,EDSA_ZONE_04,18,34.545
EDSA,plus_30,0.8,EDSA_ZONE_04,19,32.513
EDSA,plus_30,0.8,EDSA_ZONE_04,20,17.415
EDSA,plus_30,0.8,EDSA_ZONE_04,21,19.765
EDSA,plus_30,0.8,EDSA_ZONE_04,22,16.274
EDSA,plus_30,0.8,EDSA_ZONE_04,23,19.155
EDSA,plus_30,0.8,EDSA_ZONE_04,UNKNOWN_TIME,4.715
EDSA,plus_30,0.8,EDSA_ZONE_05,00,1.538
EDSA,plus_30,0.8,EDSA_ZONE_05,01,6.982
EDSA,plus_30,0.8,EDSA_ZONE_05,02,4.608
EDSA,plus_30,0.8,EDSA_ZONE_05,03,3.057
EDSA,plus_30,0.8,EDSA_ZONE_05,04,13.879
EDSA,plus_30,0.8,EDSA_ZONE_05,05,26.098
EDSA,plus_30,0.8,EDSA_ZONE_05,06,48.744
EDSA,plus_30,0.8,EDSA_ZONE_05,07,72.929
EDSA,plus_30,0.8,EDSA_ZONE_05,08,61.236
EDSA,plus_30,0.8,EDSA_ZONE_05,09,68.766
EDSA,plus_30,0.8,EDSA_ZONE_05,10,44.936
EDSA,plus_30,0.8,EDSA_ZONE_05,11,53.175
EDSA,plus_30,0.8,EDSA_ZONE_05,12,43.258
EDSA,plus_30,0.8,EDSA_ZONE_05,13,23.827
EDSA,plus_30,0.8,EDSA_ZONE_05,14,40.611
EDSA,plus_30,0.8,EDSA_ZONE_05,15,28.317
EDSA,plus_30,0.8,EDSA_ZONE_05,16,23.842
EDSA,plus_30,0.8,EDSA_ZONE_05,17,25.531
EDSA,plus_30,0.8,EDSA_ZONE_05,18,22.645
EDSA,plus_30,0.8,EDSA_ZONE_05,19,19.192
EDSA,plus_30,0.8,EDSA_ZONE_05,20,16.14
EDSA,plus_30,0.8,EDSA_ZONE_05,21,14.71
EDSA,plus_30,0.8,EDSA_ZONE_05,22,14.632
EDSA,plus_30,0.8,EDSA_ZONE_05,23,12.936
EDSA,plus_30,0.8,EDSA_ZONE_05,UNKNOWN_TIME,4.652
EDSA,plus_30,0.8,EDSA_ZONE_06,00,10.684
EDSA,plus_30,0.8,EDSA_ZONE_06,01,3.787
EDSA,plus_30,0.8,EDSA_ZONE_06,02,4.674
EDSA,plus_30,0.8,EDSA_ZONE_06,03,2.282
EDSA,plus_30,0.8,EDSA_ZONE_06,04,16.702
EDSA,plus_30,0.8,EDSA_ZONE_06,05,23.761
EDSA,plus_30,0.8,EDSA_ZONE_06,06,45.266
EDSA,plus_30,0.8,EDSA_ZONE_06,07,44.418
EDSA,plus_30,0.8,EDSA_ZONE_06,08,44.568
EDSA,plus_30,0.8,EDSA_ZONE_06,09,38.706
EDSA,plus_30,0.8,EDSA_ZONE_06,10,39.875
EDSA,plus_30,0.8,EDSA_ZONE_06,11,34.183
EDSA,plus_30,0.8,EDSA_ZONE_06,12,35.003
EDSA,plus_30,0.8,EDSA_ZONE_06,13,19.277
EDSA,plus_30,0.8,EDSA_ZONE_06,14,26.239
EDSA,plus_30,0.8,EDSA_ZONE_06,15,46.295
EDSA,plus_30,0.8,EDSA_ZONE_06,16,42.679
EDSA,plus_30,0.8,EDSA_ZONE_06,17,29.893
EDSA,plus_30,0.8,EDSA_ZONE_06,18,38.429
EDSA,plus_30,0.8,EDSA_ZONE_06,19,42.446
EDSA,plus_30,0.8,EDSA_ZONE_06,20,29.172
EDSA,plus_30,0.8,EDSA_ZONE_06,21,14.684
EDSA,plus_30,0.8,EDSA_ZONE_06,22,34.003
EDSA,plus_30,0.8,EDSA_ZONE_06,23,24.288
EDSA,plus_30,0.8,EDSA_ZONE_06,UNKNOWN_TIME,4.627
EDSA,baseline,1.0,EDSA_ZONE_01,00,11.285
EDSA,baseline,1.0,EDSA_ZONE_01,01,6.214
EDSA,baseline,1.0,EDSA_ZONE_01,02,1.285
EDSA,baseline,1.0,EDSA_ZONE_01,03,1.23
EDSA,baseline,1.0,EDSA_ZONE_01,04,7.97
EDSA,baseline,1.0,EDSA_ZONE_01,05,18.011
EDSA,baseline,1.0,EDSA_ZONE_01,06,22.306
EDSA,baseline,1.0,EDSA_ZONE_01,07,30.962
EDSA,baseline,1.0,EDSA_ZONE_01,08,42.048
EDSA,baseline,1.0,EDSA_ZONE_01,09,37.808
EDSA,baseline,1.0,EDSA_ZONE_01,10,27.099
EDSA,baseline,1.0,EDSA_ZONE_01,11,22.783
EDSA,baseline,1.0,EDSA_ZONE_01,12,15.615
EDSA,baseline,1.0,EDSA_ZONE_01,13,16.051
EDSA,baseline,1.0,EDSA_ZONE_01,14,21.488
EDSA,baseline,1.0,EDSA_ZONE_01,15,43.464
EDSA,baseline,1.0,EDSA_ZONE_01,16,44.445
EDSA,baseline,1.0,EDSA_ZONE_01,17,39.896
EDSA,baseline,1.0,EDSA_ZONE_01,18,24.178
EDSA,baseline,1.0,EDSA_ZONE_01,19,32.605
EDSA,baseline,1.0,EDSA_ZONE_01,20,34.688
EDSA,baseline,1.0,EDSA_ZONE_01,21,13.599
EDSA,baseline,1.0,EDSA_ZONE_01,22,20.945
EDSA,baseline,1.0,EDSA_ZONE_01,23,20.598
EDSA,baseline,1.0,EDSA_ZONE_01,UNKNOWN_TIME,3.794
EDSA,baseline,1.0,EDSA_ZONE_02,00,11.773
EDSA,baseline,1.0,EDSA_ZONE_02,01,4.248
EDSA,baseline,1.0,EDSA_ZONE_02,02,1.203
EDSA,baseline,1.0,EDSA_ZONE_02,03,1.217
EDSA,baseline,1.0,EDSA_ZONE_02,04,3.136
EDSA,baseline,1.0,EDSA_ZONE_02,05,13.502
EDSA,baseline,1.0,EDSA_ZONE_02,06,20.346
EDSA,baseline,1.0,EDSA_ZONE_02,07,37.436
EDSA,baseline,1.0,EDSA_ZONE_02,08,31.694
EDSA,baseline,1.0,EDSA_ZONE_02,09,30.233
EDSA,baseline,1.0,EDSA_ZONE_02,10,22.877
EDSA,baseline,1.0,EDSA_ZONE_02,11,26.606
EDSA,baseline,1.0,EDSA_ZONE_02,12,28.302
EDSA,baseline,1.0,EDSA_ZONE_02,13,18.044
EDSA,baseline,1.0,EDSA_ZONE_02,14,43.147
EDSA,baseline,1.0,EDSA_ZONE_02,15,45.947
EDSA,baseline,1.0,EDSA_ZONE_02,16,45.5
EDSA,baseline,1.0,EDSA_ZONE_02,17,34.822
EDSA,baseline,1.0,EDSA_ZONE_02,18,25.845
EDSA,baseline,1.0,EDSA_ZONE_02,19,29.03
EDSA,baseline,1.0,EDSA_ZONE_02,20,25.564
EDSA,baseline,1.0,EDSA_ZONE_02,21,21.664
EDSA,baseline,1.0,EDSA_ZONE_02,22,17.246
EDSA,baseline,1.0,EDSA_ZONE_02,23,17.813
EDSA,baseline,1.0,EDSA_ZONE_02,UNKNOWN_TIME,2.441
EDSA,baseline,1.0,EDSA_ZONE_03,00,7.437
EDSA,baseline,1.0,EDSA_ZONE_03,01,2.484
EDSA,baseline,1.0,EDSA_ZONE_03,03,1.878
EDSA,baseline,1.0,EDSA_ZONE_03,04,3.088
EDSA,baseline,1.0,EDSA_ZONE_03,05,7.956
EDSA,baseline,1.0,EDSA_ZONE_03,06,27.844
EDSA,baseline,1.0,EDSA_ZONE_03,07,39.075
EDSA,baseline,1.0,EDSA_ZONE_03,08,36.729
EDSA,baseline,1.0,EDSA_ZONE_03,09,28.654
EDSA,baseline,1.0,EDSA_ZONE_03,10,28.98
EDSA,baseline,1.0,EDSA_ZONE_03,11,28.6
EDSA,baseline,1.0,EDSA_ZONE_03,12,32.242
EDSA,baseline,1.0,EDSA_ZONE_03,13,15.501
EDSA,baseline,1.0,EDSA_ZONE_03,14,35.482
EDSA,baseline,1.0,EDSA_ZONE_03,15,49.181
EDSA,baseline,1.0,EDSA_ZONE_03,16,47.475
EDSA,baseline,1.0,EDSA_ZONE_03,17,35.864
EDSA,baseline,1.0,EDSA_ZONE_03,18,38.985
EDSA,baseline,1.0,EDSA_ZONE_03,19,34.756
EDSA,baseline,1.0,EDSA_ZONE_03,20,24.565
EDSA,baseline,1.0,EDSA_ZONE_03,21,8.681
EDSA,baseline,1.0,EDSA_ZONE_03,22,17.394
EDSA,baseline,1.0,EDSA_ZONE_03,23,6.745
EDSA,baseline,1.0,EDSA_ZONE_03,UNKNOWN_TIME,0.65
EDSA,baseline,1.0,EDSA_ZONE_04,00,9.295
EDSA,baseline,1.0,EDSA_ZONE_04,01,1.849
EDSA,baseline,1.0,EDSA_ZONE_04,02,0.648
EDSA,baseline,1.0,EDSA_ZONE_04,03,1.831
EDSA,baseline,1.0,EDSA_ZONE_04,04,5.579
EDSA,baseline,1.0,EDSA_ZONE_04,05,16.823
EDSA,baseline,1.0,EDSA_ZONE_04,06,28.499
EDSA,baseline,1.0,EDSA_ZONE_04,07,56.326
EDSA,baseline,1.0,EDSA_ZONE_04,08,47.96
EDSA,baseline,1.0,EDSA_ZONE_04,09,41.008
EDSA,baseline,1.0,EDSA_ZONE_04,10,44.022
EDSA,baseline,1.0,EDSA_ZONE_04,11,34.605
EDSA,baseline,1.0,EDSA_ZONE_04,12,24.918
EDSA,baseline,1.0,EDSA_ZONE_04,13,17.829
EDSA,baseline,1.0,EDSA_ZONE_04,14,25.13
EDSA,baseline,1.0,EDSA_ZONE_04,15,32.545
EDSA,baseline,1.0,EDSA_ZONE_04,16,29.126
EDSA,baseline,1.0,EDSA_ZONE_04,17,25.898
EDSA,baseline,1.0,EDSA_ZONE_04,18,27.714
EDSA,baseline,1.0,EDSA_ZONE_04,19,25.902
EDSA,baseline,1.0,EDSA_ZONE_04,20,14.081
EDSA,baseline,1.0,EDSA_ZONE_04,21,15.969
EDSA,baseline,1.0,EDSA_ZONE_04,22,13.053
EDSA,baseline,1.0,EDSA_ZONE_04,23,15.617
EDSA,baseline,1.0,EDSA_ZONE_04,UNKNOWN_TIME,3.771
EDSA,baseline,1.0,EDSA_ZONE_05,00,1.164
EDSA,baseline,1.0,EDSA_ZONE_05,01,5.576
EDSA,baseline,1.0,EDSA_ZONE_05,02,3.752
EDSA,baseline,1.0,EDSA_ZONE_05,03,2.472
EDSA,baseline,1.0,EDSA_ZONE_05,04,11.013
EDSA,baseline,1.0,EDSA_ZONE_05,05,21.038
EDSA,baseline,1.0,EDSA_ZONE_05,06,38.83
EDSA,baseline,1.0,EDSA_ZONE_05,07,59.113
EDSA,baseline,1.0,EDSA_ZONE_05,08,49.451
EDSA,baseline,1.0,EDSA_ZONE_05,09,55.294
EDSA,baseline,1.0,EDSA_ZONE_05,10,36.593
EDSA,baseline,1.0,EDSA_ZONE_05,11,42.655
EDSA,baseline,1.0,EDSA_ZONE_05,12,34.866
EDSA,baseline,1.0,EDSA_ZONE_05,13,19.26
EDSA,baseline,1.0,EDSA_ZONE_05,14,32.973
EDSA,baseline,1.0,EDSA_ZONE_05,15,23.122
EDSA,baseline,1.0,EDSA_ZONE_05,16,19.176
EDSA,baseline,1.0,EDSA_ZONE_05,17,20.442
EDSA,baseline,1.0,EDSA_ZONE_05,18,17.79
EDSA,baseline,1.0,EDSA_ZONE_05,19,15.43
EDSA,baseline,1.0,EDSA_ZONE_05,20,12.915
EDSA,baseline,1.0,EDSA_ZONE_05,21,11.7
EDSA,baseline,1.0,EDSA_ZONE_05,22,11.604
EDSA,baseline,1.0,EDSA_ZONE_05,23,10.441
EDSA,baseline,1.0,EDSA_ZONE_05,UNKNOWN_TIME,3.75
EDSA,baseline,1.0,EDSA_ZONE_06,00,8.584
EDSA,baseline,1.0,EDSA_ZONE_06,01,3.153
EDSA,baseline,1.0,EDSA_ZONE_06,02,3.633
EDSA,baseline,1.0,EDSA_ZONE_06,03,1.908
EDSA,baseline,1.0,EDSA_ZONE_06,04,13.682
EDSA,baseline,1.0,EDSA_ZONE_06,05,18.983
EDSA,baseline,1.0,EDSA_ZONE_06,06,36.625
EDSA,baseline,1.0,EDSA_ZONE_06,07,35.686
EDSA,baseline,1.0,EDSA_ZONE_06,08,35.913
EDSA,baseline,1.0,EDSA_ZONE_06,09,31.06
EDSA,baseline,1.0,EDSA_ZONE_06,10,32.245
EDSA,baseline,1.0,EDSA_ZONE_06,11,27.254
EDSA,baseline,1.0,EDSA_ZONE_06,12,28.336
EDSA,baseline,1.0,EDSA_ZONE_06,13,15.602
EDSA,baseline,1.0,EDSA_ZONE_06,14,21.209
EDSA,baseline,1.0,EDSA_ZONE_06,15,37.137
EDSA,baseline,1.0,EDSA_ZONE_06,16,33.936
EDSA,baseline,1.0,EDSA_ZONE_06,17,24.105
EDSA,baseline,1.0,EDSA_ZONE_06,18,31.15
EDSA,baseline,1.0,EDSA_ZONE_06,19,33.921
EDSA,baseline,1.0,EDSA_ZONE_06,20,23.47
EDSA,baseline,1.0,EDSA_ZONE_06,21,11.78
EDSA,baseline,1.0,EDSA_ZONE_06,22,27.133
EDSA,baseline,1.0,EDSA_ZONE_06,23,19.922
EDSA,baseline,1.0,EDSA_ZONE_06,UNKNOWN_TIME,3.681
EDSA,plus_10,1.0,EDSA_ZONE_01,00,12.083
EDSA,plus_10,1.0,EDSA_ZONE_01,01,6.888
EDSA,plus_10,1.0,EDSA_ZONE_01,02,1.438
EDSA,plus_10,1.0,EDSA_ZONE_01,03,1.337
EDSA,plus_10,1.0,EDSA_ZONE_01,04,8.784
EDSA,plus_10,1.0,EDSA_ZONE_01,05,19.907
EDSA,plus_10,1.0,EDSA_ZONE_01,06,24.651
EDSA,plus_10,1.0,EDSA_ZONE_01,07,34.255
EDSA,plus_10,1.0,EDSA_ZONE_01,08,46.528
EDSA,plus_10,1.0,EDSA_ZONE_01,09,41.092
EDSA,plus_10,1.0,EDSA_ZONE_01,10,30.394
EDSA,plus_10,1.0,EDSA_ZONE_01,11,25.502
EDSA,plus_10,1.0,EDSA_ZONE_01,12,17.022
EDSA,plus_10,1.0,EDSA_ZONE_01,13,17.657
EDSA,plus_10,1.0,EDSA_ZONE_01,14,23.891
EDSA,plus_10,1.0,EDSA_ZONE_01,15,48.114
EDSA,plus_10,1.0,EDSA_ZONE_01,16,49.186
EDSA,plus_10,1.0,EDSA_ZONE_01,17,43.699
EDSA,plus_10,1.0,EDSA_ZONE_01,18,26.58
EDSA,plus_10,1.0,EDSA_ZONE_01,19,36.329
EDSA,plus_10,1.0,EDSA_ZONE_01,20,38.822
EDSA,plus_10,1.0,EDSA_ZONE_01,21,14.962
EDSA,plus_10,1.0,EDSA_ZONE_01,22,23.161
EDSA,plus_10,1.0,EDSA_ZONE_01,23,22.589
EDSA,plus_10,1.0,EDSA_ZONE_01,UNKNOWN_TIME,4.224
EDSA,plus_10,1.0,EDSA_ZONE_02,00,13.159
EDSA,plus_10,1.0,EDSA_ZONE_02,01,4.749
EDSA,plus_10,1.0,EDSA_ZONE_02,02,1.428
EDSA,plus_10,1.0,EDSA_ZONE_02,03,1.346
EDSA,plus_10,1.0,EDSA_ZONE_02,04,3.468
EDSA,plus_10,1.0,EDSA_ZONE_02,05,15.106
EDSA,plus_10,1.0,EDSA_ZONE_02,06,22.47
EDSA,plus_10,1.0,EDSA_ZONE_02,07,41.701
EDSA,plus_10,1.0,EDSA_ZONE_02,08,34.688
EDSA,plus_10,1.0,EDSA_ZONE_02,09,32.909
EDSA,plus_10,1.0,EDSA_ZONE_02,10,25.218
EDSA,plus_10,1.0,EDSA_ZONE_02,11,29.49
EDSA,plus_10,1.0,EDSA_ZONE_02,12,31.667
EDSA,plus_10,1.0,EDSA_ZONE_02,13,19.891
EDSA,plus_10,1.0,EDSA_ZONE_02,14,47.694
EDSA,plus_10,1.0,EDSA_ZONE_02,15,51.109
EDSA,plus_10,1.0,EDSA_ZONE_02,16,50.505
EDSA,plus_10,1.0,EDSA_ZONE_02,17,38.083
EDSA,plus_10,1.0,EDSA_ZONE_02,18,28.485
EDSA,plus_10,1.0,EDSA_ZONE_02,19,32.158
EDSA,plus_10,1.0,EDSA_ZONE_02,20,28.163
EDSA,plus_10,1.0,EDSA_ZONE_02,21,24.084
EDSA,plus_10,1.0,EDSA_ZONE_02,22,19.326
EDSA,plus_10,1.0,EDSA_ZONE_02,23,19.834
EDSA,plus_10,1.0,EDSA_ZONE_02,UNKNOWN_TIME,2.781
EDSA,plus_10,1.0,EDSA_ZONE_03,00,8.337
EDSA,plus_10,1.0,EDSA_ZONE_03,01,2.716
EDSA,plus_10,1.0,EDSA_ZONE_03,03,2.046
EDSA,plus_10,1.0,EDSA_ZONE_03,04,3.464
EDSA,plus_10,1.0,EDSA_ZONE_03,05,8.899
EDSA,plus_10,1.0,EDSA_ZONE_03,06,30.629
EDSA,plus_10,1.0,EDSA_ZONE_03,07,43.192
EDSA,plus_10,1.0,EDSA_ZONE_03,08,40.316
EDSA,plus_10,1.0,EDSA_ZONE_03,09,31.404
EDSA,plus_10,1.0,EDSA_ZONE_03,10,32.764
EDSA,plus_10,1.0,EDSA_ZONE_03,11,31.744
EDSA,plus_10,1.0,EDSA_ZONE_03,12,35.793
EDSA,plus_10,1.0,EDSA_ZONE_03,13,17.009
EDSA,plus_10,1.0,EDSA_ZONE_03,14,39.383
EDSA,plus_10,1.0,EDSA_ZONE_03,15,54.139
EDSA,plus_10,1.0,EDSA_ZONE_03,16,53.114
EDSA,plus_10,1.0,EDSA_ZONE_03,17,39.522
EDSA,plus_10,1.0,EDSA_ZONE_03,18,43.179
EDSA,plus_10,1.0,EDSA_ZONE_03,19,38.744
EDSA,plus_10,1.0,EDSA_ZONE_03,20,27.011
EDSA,plus_10,1.0,EDSA_ZONE_03,21,9.608
EDSA,plus_10,1.0,EDSA_ZONE_03,22,19.078
EDSA,plus_10,1.0,EDSA_ZONE_03,23,7.358
EDSA,plus_10,1.0,EDSA_ZONE_03,UNKNOWN_TIME,0.718
EDSA,plus_10,1.0,EDSA_ZONE_04,00,10.278
EDSA,plus_10,1.0,EDSA_ZONE_04,01,2.067
EDSA,plus_10,1.0,EDSA_ZONE_04,02,0.686
EDSA,plus_10,1.0,EDSA_ZONE_04,03,1.994
EDSA,plus_10,1.0,EDSA_ZONE_04,04,6.069
EDSA,plus_10,1.0,EDSA_ZONE_04,05,18.285
EDSA,plus_10,1.0,EDSA_ZONE_04,06,31.83
EDSA,plus_10,1.0,EDSA_ZONE_04,07,62.204
EDSA,plus_10,1.0,EDSA_ZONE_04,08,52.819
EDSA,plus_10,1.0,EDSA_ZONE_04,09,45.034
EDSA,plus_10,1.0,EDSA_ZONE_04,10,48.499
EDSA,plus_10,1.0,EDSA_ZONE_04,11,38.229
EDSA,plus_10,1.0,EDSA_ZONE_04,12,27.421
EDSA,plus_10,1.0,EDSA_ZONE_04,13,19.567
EDSA,plus_10,1.0,EDSA_ZONE_04,14,28.237
EDSA,plus_10,1.0,EDSA_ZONE_04,15,35.487
EDSA,plus_10,1.0,EDSA_ZONE_04,16,32.076
EDSA,plus_10,1.0,EDSA_ZONE_04,17,28.589
EDSA,plus_10,1.0,EDSA_ZONE_04,18,30.909
EDSA,plus_10,1.0,EDSA_ZONE_04,19,28.842
EDSA,plus_10,1.0,EDSA_ZONE_04,20,15.562
EDSA,plus_10,1.0,EDSA_ZONE_04,21,17.673
EDSA,plus_10,1.0,EDSA_ZONE_04,22,14.435
EDSA,plus_10,1.0,EDSA_ZONE_04,23,17.035
EDSA,plus_10,1.0,EDSA_ZONE_04,UNKNOWN_TIME,4.189
EDSA,plus_10,1.0,EDSA_ZONE_05,00,1.341
EDSA,plus_10,1.0,EDSA_ZONE_05,01,6.114
EDSA,plus_10,1.0,EDSA_ZONE_05,02,4.069
EDSA,plus_10,1.0,EDSA_ZONE_05,03,2.79
EDSA,plus_10,1.0,EDSA_ZONE_05,04,12.289
EDSA,plus_10,1.0,EDSA_ZONE_05,05,23.003
EDSA,plus_10,1.0,EDSA_ZONE_05,06,42.903
EDSA,plus_10,1.0,EDSA_ZONE_05,07,65.175
EDSA,plus_10,1.0,EDSA_ZONE_05,08,54.74
EDSA,plus_10,1.0,EDSA_ZONE_05,09,60.591
EDSA,plus_10,1.0,EDSA_ZONE_05,10,40.33
EDSA,plus_10,1.0,EDSA_ZONE_05,11,46.896
EDSA,plus_10,1.0,EDSA_ZONE_05,12,38.12
EDSA,plus_10,1.0,EDSA_ZONE_05,13,21.214
EDSA,plus_10,1.0,EDSA_ZONE_05,14,36.096
EDSA,plus_10,1.0,EDSA_ZONE_05,15,25.339
EDSA,plus_10,1.0,EDSA_ZONE_05,16,21.273
EDSA,plus_10,1.0,EDSA_ZONE_05,17,22.235
EDSA,plus_10,1.0,EDSA_ZONE_05,18,19.982
EDSA,plus_10,1.0,EDSA_ZONE_05,19,17.29
EDSA,plus_10,1.0,EDSA_ZONE_05,20,14.228
EDSA,plus_10,1.0,EDSA_ZONE_05,21,12.78
EDSA,plus_10,1.0,EDSA_ZONE_05,22,13.154
EDSA,plus_10,1.0,EDSA_ZONE_05,23,11.594
EDSA,plus_10,1.0,EDSA_ZONE_05,UNKNOWN_TIME,4.218
EDSA,plus_10,1.0,EDSA_ZONE_06,00,9.532
EDSA,plus_10,1.0,EDSA_ZONE_06,01,3.484
EDSA,plus_10,1.0,EDSA_ZONE_06,02,4.031
EDSA,plus_10,1.0,EDSA_ZONE_06,03,2.026
EDSA,plus_10,1.0,EDSA_ZONE_06,04,15.094
EDSA,plus_10,1.0,EDSA_ZONE_06,05,21.108
EDSA,plus_10,1.0,EDSA_ZONE_06,06,40.234
EDSA,plus_10,1.0,EDSA_ZONE_06,07,39.599
EDSA,plus_10,1.0,EDSA_ZONE_06,08,39.642
EDSA,plus_10,1.0,EDSA_ZONE_06,09,34.198
EDSA,plus_10,1.0,EDSA_ZONE_06,10,36.023
EDSA,plus_10,1.0,EDSA_ZONE_06,11,30.304
EDSA,plus_10,1.0,EDSA_ZONE_06,12,31.301
EDSA,plus_10,1.0,EDSA_ZONE_06,13,16.988
EDSA,plus_10,1.0,EDSA_ZONE_06,14,23.09
EDSA,plus_10,1.0,EDSA_ZONE_06,15,40.905
EDSA,plus_10,1.0,EDSA_ZONE_06,16,37.664
EDSA,plus_10,1.0,EDSA_ZONE_06,17,26.663
EDSA,plus_10,1.0,EDSA_ZONE_06,18,34.642
EDSA,plus_10,1.0,EDSA_ZONE_06,19,37.499
EDSA,plus_10,1.0,EDSA_ZONE_06,20,25.973
EDSA,plus_10,1.0,EDSA_ZONE_06,21,13.093
EDSA,plus_10,1.0,EDSA_ZONE_06,22,29.885
EDSA,plus_10,1.0,EDSA_ZONE_06,23,21.984
EDSA,plus_10,1.0,EDSA_ZONE_06,UNKNOWN_TIME,4.141
EDSA,plus_20,1.0,EDSA_ZONE_01,00,13.597
EDSA,plus_20,1.0,EDSA_ZONE_01,01,7.63
EDSA,plus_20,1.0,EDSA_ZONE_01,02,1.442
EDSA,plus_20,1.0,EDSA_ZONE_01,03,1.515
EDSA,plus_20,1.0,EDSA_ZONE_01,04,9.84
EDSA,plus_20,1.0,EDSA_ZONE_01,05,21.848
EDSA,plus_20,1.0,EDSA_ZONE_01,06,27.072
EDSA,plus_20,1.0,EDSA_ZONE_01,07,37.572
EDSA,plus_20,1.0,EDSA_ZONE_01,08,51.352
EDSA,plus_20,1.0,EDSA_ZONE_01,09,46.08
EDSA,plus_20,1.0,EDSA_ZONE_01,10,32.959
EDSA,plus_20,1.0,EDSA_ZONE_01,11,27.738
EDSA,plus_20,1.0,EDSA_ZONE_01,12,18.748
EDSA,plus_20,1.0,EDSA_ZONE_01,13,19.718
EDSA,plus_20,1.0,EDSA_ZONE_01,14,26.354
EDSA,plus_20,1.0,EDSA_ZONE_01,15,52.283
EDSA,plus_20,1.0,EDSA_ZONE_01,16,54.662
EDSA,plus_20,1.0,EDSA_ZONE_01,17,47.646
EDSA,plus_20,1.0,EDSA_ZONE_01,18,29.161
EDSA,plus_20,1.0,EDSA_ZONE_01,19,39.84
EDSA,plus_20,1.0,EDSA_ZONE_01,20,42.1
EDSA,plus_20,1.0,EDSA_ZONE_01,21,16.617
EDSA,plus_20,1.0,EDSA_ZONE_01,22,25.694
EDSA,plus_20,1.0,EDSA_ZONE_01,23,24.755
EDSA,plus_20,1.0,EDSA_ZONE_01,UNKNOWN_TIME,4.581
EDSA,plus_20,1.0,EDSA_ZONE_02,00,14.455
EDSA,plus_20,1.0,EDSA_ZONE_02,01,5.261
EDSA,plus_20,1.0,EDSA_ZONE_02,02,1.48
EDSA,plus_20,1.0,EDSA_ZONE_02,03,1.484
EDSA,plus_20,1.0,EDSA_ZONE_02,04,3.779
EDSA,plus_20,1.0,EDSA_ZONE_02,05,16.546
EDSA,plus_20,1.0,EDSA_ZONE_02,06,24.822
EDSA,plus_20,1.0,EDSA_ZONE_02,07,45.613
EDSA,plus_20,1.0,EDSA_ZONE_02,08,38.25
EDSA,plus_20,1.0,EDSA_ZONE_02,09,36.027
EDSA,plus_20,1.0,EDSA_ZONE_02,10,27.743
EDSA,plus_20,1.0,EDSA_ZONE_02,11,32.327
EDSA,plus_20,1.0,EDSA_ZONE_02,12,34.836
EDSA,plus_20,1.0,EDSA_ZONE_02,13,21.572
EDSA,plus_20,1.0,EDSA_ZONE_02,14,52.697
EDSA,plus_20,1.0,EDSA_ZONE_02,15,55.487
EDSA,plus_20,1.0,EDSA_ZONE_02,16,55.529
EDSA,plus_20,1.0,EDSA_ZONE_02,17,42.044
EDSA,plus_20,1.0,EDSA_ZONE_02,18,31.562
EDSA,plus_20,1.0,EDSA_ZONE_02,19,35.157
EDSA,plus_20,1.0,EDSA_ZONE_02,20,31.066
EDSA,plus_20,1.0,EDSA_ZONE_02,21,26.179
EDSA,plus_20,1.0,EDSA_ZONE_02,22,20.845
EDSA,plus_20,1.0,EDSA_ZONE_02,23,21.557
EDSA,plus_20,1.0,EDSA_ZONE_02,UNKNOWN_TIME,2.928
EDSA,plus_20,1.0,EDSA_ZONE_03,00,9.09
EDSA,plus_20,1.0,EDSA_ZONE_03,01,3.009
EDSA,plus_20,1.0,EDSA_ZONE_03,03,2.224
EDSA,plus_20,1.0,EDSA_ZONE_03,04,3.855
EDSA,plus_20,1.0,EDSA_ZONE_03,05,9.82
EDSA,plus_20,1.0,EDSA_ZONE_03,06,33.68
EDSA,plus_20,1.0,EDSA_ZONE_03,07,47.07
EDSA,plus_20,1.0,EDSA_ZONE_03,08,44.683
EDSA,plus_20,1.0,EDSA_ZONE_03,09,34.885
EDSA,plus_20,1.0,EDSA_ZONE_03,10,35.428
EDSA,plus_20,1.0,EDSA_ZONE_03,11,34.657
EDSA,plus_20,1.0,EDSA_ZONE_03,12,39.115
EDSA,plus_20,1.0,EDSA_ZONE_03,13,18.599
EDSA,plus_20,1.0,EDSA_ZONE_03,14,43.69
EDSA,plus_20,1.0,EDSA_ZONE_03,15,59.605
EDSA,plus_20,1.0,EDSA_ZONE_03,16,57.865
EDSA,plus_20,1.0,EDSA_ZONE_03,17,43.707
EDSA,plus_20,1.0,EDSA_ZONE_03,18,47.006
EDSA,plus_20,1.0,EDSA_ZONE_03,19,41.856
EDSA,plus_20,1.0,EDSA_ZONE_03,20,30.008
EDSA,plus_20,1.0,EDSA_ZONE_03,21,10.518
EDSA,plus_20,1.0,EDSA_ZONE_03,22,21.252
EDSA,plus_20,1.0,EDSA_ZONE_03,23,8.239
EDSA,plus_20,1.0,EDSA_ZONE_03,UNKNOWN_TIME,0.748
EDSA,plus_20,1.0,EDSA_ZONE_04,00,11.243
EDSA,plus_20,1.0,EDSA_ZONE_04,01,2.297
EDSA,plus_20,1.0,EDSA_ZONE_04,02,0.728
EDSA,plus_20,1.0,EDSA_ZONE_04,03,2.144
EDSA,plus_20,1.0,EDSA_ZONE_04,04,6.822
EDSA,plus_20,1.0,EDSA_ZONE_04,05,20.266
EDSA,plus_20,1.0,EDSA_ZONE_04,06,34.237
EDSA,plus_20,1.0,EDSA_ZONE_04,07,68.201
EDSA,plus_20,1.0,EDSA_ZONE_04,08,57.896
EDSA,plus_20,1.0,EDSA_ZONE_04,09,49.638
EDSA,plus_20,1.0,EDSA_ZONE_04,10,53.411
EDSA,plus_20,1.0,EDSA_ZONE_04,11,42.108
EDSA,plus_20,1.0,EDSA_ZONE_04,12,29.782
EDSA,plus_20,1.0,EDSA_ZONE_04,13,21.797
EDSA,plus_20,1.0,EDSA_ZONE_04,14,31.037
EDSA,plus_20,1.0,EDSA_ZONE_04,15,38.734
EDSA,plus_20,1.0,EDSA_ZONE_04,16,35.147
EDSA,plus_20,1.0,EDSA_ZONE_04,17,31.191
EDSA,plus_20,1.0,EDSA_ZONE_04,18,33.742
EDSA,plus_20,1.0,EDSA_ZONE_04,19,31.548
EDSA,plus_20,1.0,EDSA_ZONE_04,20,17.045
EDSA,plus_20,1.0,EDSA_ZONE_04,21,19.596
EDSA,plus_20,1.0,EDSA_ZONE_04,22,15.701
EDSA,plus_20,1.0,EDSA_ZONE_04,23,18.958
EDSA,plus_20,1.0,EDSA_ZONE_04,UNKNOWN_TIME,4.451
EDSA,plus_20,1.0,EDSA_ZONE_05,00,1.49
EDSA,plus_20,1.0,EDSA_ZONE_05,01,6.6
EDSA,plus_20,1.0,EDSA_ZONE_05,02,4.485
EDSA,plus_20,1.0,EDSA_ZONE_05,03,3.121
EDSA,plus_20,1.0,EDSA_ZONE_05,04,13.61
EDSA,plus_20,1.0,EDSA_ZONE_05,05,25.45
EDSA,plus_20,1.0,EDSA_ZONE_05,06,47.48
EDSA,plus_20,1.0,EDSA_ZONE_05,07,71.26
EDSA,plus_20,1.0,EDSA_ZONE_05,08,60.512
EDSA,plus_20,1.0,EDSA_ZONE_05,09,67.149
EDSA,plus_20,1.0,EDSA_ZONE_05,10,44.456
EDSA,plus_20,1.0,EDSA_ZONE_05,11,51.866
EDSA,plus_20,1.0,EDSA_ZONE_05,12,42.397
EDSA,plus_20,1.0,EDSA_ZONE_05,13,23.546
EDSA,plus_20,1.0,EDSA_ZONE_05,14,39.857
EDSA,plus_20,1.0,EDSA_ZONE_05,15,27.627
EDSA,plus_20,1.0,EDSA_ZONE_05,16,23.161
EDSA,plus_20,1.0,EDSA_ZONE_05,17,24.904
EDSA,plus_20,1.0,EDSA_ZONE_05,18,21.549
EDSA,plus_20,1.0,EDSA_ZONE_05,19,18.798
EDSA,plus_20,1.0,EDSA_ZONE_05,20,15.753
EDSA,plus_20,1.0,EDSA_ZONE_05,21,14.46
EDSA,plus_20,1.0,EDSA_ZONE_05,22,14.508
EDSA,plus_20,1.0,EDSA_ZONE_05,23,12.739
EDSA,plus_20,1.0,EDSA_ZONE_05,UNKNOWN_TIME,4.51
EDSA,plus_20,1.0,EDSA_ZONE_06,00,10.514
EDSA,plus_20,1.0,EDSA_ZONE_06,01,3.755
EDSA,plus_20,1.0,EDSA_ZONE_06,02,4.523
EDSA,plus_20,1.0,EDSA_ZONE_06,03,2.29
EDSA,plus_20,1.0,EDSA_ZONE_06,04,16.377
EDSA,plus_20,1.0,EDSA_ZONE_06,05,22.915
EDSA,plus_20,1.0,EDSA_ZONE_06,06,44.387
EDSA,plus_20,1.0,EDSA_ZONE_06,07,43.496
EDSA,plus_20,1.0,EDSA_ZONE_06,08,43.515
EDSA,plus_20,1.0,EDSA_ZONE_06,09,37.51
EDSA,plus_20,1.0,EDSA_ZONE_06,10,39.035
EDSA,plus_20,1.0,EDSA_ZONE_06,11,33.179
EDSA,plus_20,1.0,EDSA_ZONE_06,12,34.791
EDSA,plus_20,1.0,EDSA_ZONE_06,13,18.777
EDSA,plus_20,1.0,EDSA_ZONE_06,14,25.54
EDSA,plus_20,1.0,EDSA_ZONE_06,15,45.305
EDSA,plus_20,1.0,EDSA_ZONE_06,16,41.537
EDSA,plus_20,1.0,EDSA_ZONE_06,17,29.453
EDSA,plus_20,1.0,EDSA_ZONE_06,18,37.964
EDSA,plus_20,1.0,EDSA_ZONE_06,19,41.238
EDSA,plus_20,1.0,EDSA_ZONE_06,20,28.686
EDSA,plus_20,1.0,EDSA_ZONE_06,21,14.352
EDSA,plus_20,1.0,EDSA_ZONE_06,22,33.232
EDSA,plus_20,1.0,EDSA_ZONE_06,23,24.099
EDSA,plus_20,1.0,EDSA_ZONE_06,UNKNOWN_TIME,4.548
EDSA,plus_30,1.0,EDSA_ZONE_01,00,14.672
EDSA,plus_30,1.0,EDSA_ZONE_01,01,7.823
EDSA,plus_30,1.0,EDSA_ZONE_01,02,1.568
EDSA,plus_30,1.0,EDSA_ZONE_01,03,1.604
EDSA,plus_30,1.0,EDSA_ZONE_01,04,10.445
EDSA,plus_30,1.0,EDSA_ZONE_01,05,23.266
EDSA,plus_30,1.0,EDSA_ZONE_01,06,28.98
EDSA,plus_30,1.0,EDSA_ZONE_01,07,40.654
EDSA,plus_30,1.0,EDSA_ZONE_01,08,55.038
EDSA,plus_30,1.0,EDSA_ZONE_01,09,48.957
EDSA,plus_30,1.0,EDSA_ZONE_01,10,35.633
EDSA,plus_30,1.0,EDSA_ZONE_01,11,29.812
EDSA,plus_30,1.0,EDSA_ZONE_01,12,20.12
EDSA,plus_30,1.0,EDSA_ZONE_01,13,20.993
EDSA,plus_30,1.0,EDSA_ZONE_01,14,28.146
EDSA,plus_30,1.0,EDSA_ZONE_01,15,56.482
EDSA,plus_30,1.0,EDSA_ZONE_01,16,58.147
EDSA,plus_30,1.0,EDSA_ZONE_01,17,51.588
EDSA,plus_30,1.0,EDSA_ZONE_01,18,31.443
EDSA,plus_30,1.0,EDSA_ZONE_01,19,42.779
EDSA,plus_30,1.0,EDSA_ZONE_01,20,44.976
EDSA,plus_30,1.0,EDSA_ZONE_01,21,17.662
EDSA,plus_30,1.0,EDSA_ZONE_01,22,27.602
EDSA,plus_30,1.0,EDSA_ZONE_01,23,26.519
EDSA,plus_30,1.0,EDSA_ZONE_01,UNKNOWN_TIME,4.765
EDSA,plus_30,1.0,EDSA_ZONE_02,00,15.474
EDSA,plus_30,1.0,EDSA_ZONE_02,01,5.579
EDSA,plus_30,1.0,EDSA_ZONE_02,02,1.696
EDSA,plus_30,1.0,EDSA_ZONE_02,03,1.575
EDSA,plus_30,1.0,EDSA_ZONE_02,04,4.083
EDSA,plus_30,1.0,EDSA_ZONE_02,05,17.844
EDSA,plus_30,1.0,EDSA_ZONE_02,06,26.61
EDSA,plus_30,1.0,EDSA_ZONE_02,07,49.048
EDSA,plus_30,1.0,EDSA_ZONE_02,08,41.173
EDSA,plus_30,1.0,EDSA_ZONE_02,09,38.983
EDSA,plus_30,1.0,EDSA_ZONE_02,10,29.679
EDSA,plus_30,1.0,EDSA_ZONE_02,11,34.65
EDSA,plus_30,1.0,EDSA_ZONE_02,12,37.17
EDSA,plus_30,1.0,EDSA_ZONE_02,13,23.616
EDSA,plus_30,1.0,EDSA_ZONE_02,14,56.57
EDSA,plus_30,1.0,EDSA_ZONE_02,15,59.691
EDSA,plus_30,1.0,EDSA_ZONE_02,16,59.823
EDSA,plus_30,1.0,EDSA_ZONE_02,17,45.04
EDSA,plus_30,1.0,EDSA_ZONE_02,18,33.814
EDSA,plus_30,1.0,EDSA_ZONE_02,19,38.036
EDSA,plus_30,1.0,EDSA_ZONE_02,20,33.098
EDSA,plus_30,1.0,EDSA_ZONE_02,21,28.117
EDSA,plus_30,1.0,EDSA_ZONE_02,22,22.653
EDSA,plus_30,1.0,EDSA_ZONE_02,23,23.53
EDSA,plus_30,1.0,EDSA_ZONE_02,UNKNOWN_TIME,3.341
EDSA,plus_30,1.0,EDSA_ZONE_03,00,9.641
EDSA,plus_30,1.0,EDSA_ZONE_03,01,3.229
EDSA,plus_30,1.0,EDSA_ZONE_03,03,2.3
EDSA,plus_30,1.0,EDSA_ZONE_03,04,4.009
EDSA,plus_30,1.0,EDSA_ZONE_03,05,10.43
EDSA,plus_30,1.0,EDSA_ZONE_03,06,36.289
EDSA,plus_30,1.0,EDSA_ZONE_03,07,50.628
EDSA,plus_30,1.0,EDSA_ZONE_03,08,47.834
EDSA,plus_30,1.0,EDSA_ZONE_03,09,37.217
EDSA,plus_30,1.0,EDSA_ZONE_03,10,37.874
EDSA,plus_30,1.0,EDSA_ZONE_03,11,37.319
EDSA,plus_30,1.0,EDSA_ZONE_03,12,41.878
EDSA,plus_30,1.0,EDSA_ZONE_03,13,20.142
EDSA,plus_30,1.0,EDSA_ZONE_03,14,46.741
EDSA,plus_30,1.0,EDSA_ZONE_03,15,63.746
EDSA,plus_30,1.0,EDSA_ZONE_03,16,62.041
EDSA,plus_30,1.0,EDSA_ZONE_03,17,46.752
EDSA,plus_30,1.0,EDSA_ZONE_03,18,51.069
EDSA,plus_30,1.0,EDSA_ZONE_03,19,45.152
EDSA,plus_30,1.0,EDSA_ZONE_03,20,31.949
EDSA,plus_30,1.0,EDSA_ZONE_03,21,11.246
EDSA,plus_30,1.0,EDSA_ZONE_03,22,22.659
EDSA,plus_30,1.0,EDSA_ZONE_03,23,8.865
EDSA,plus_30,1.0,EDSA_ZONE_03,UNKNOWN_TIME,0.783
EDSA,plus_30,1.0,EDSA_ZONE_04,00,11.943
EDSA,plus_30,1.0,EDSA_ZONE_04,01,2.44
EDSA,plus_30,1.0,EDSA_ZONE_04,02,0.786
EDSA,plus_30,1.0,EDSA_ZONE_04,03,2.383
EDSA,plus_30,1.0,EDSA_ZONE_04,04,7.219
EDSA,plus_30,1.0,EDSA_ZONE_04,05,21.561
EDSA,plus_30,1.0,EDSA_ZONE_04,06,37.245
EDSA,plus_30,1.0,EDSA_ZONE_04,07,73.418
EDSA,plus_30,1.0,EDSA_ZONE_04,08,62.395
EDSA,plus_30,1.0,EDSA_ZONE_04,09,53.687
EDSA,plus_30,1.0,EDSA_ZONE_04,10,57.377
EDSA,plus_30,1.0,EDSA_ZONE_04,11,45.241
EDSA,plus_30,1.0,EDSA_ZONE_04,12,32.561
EDSA,plus_30,1.0,EDSA_ZONE_04,13,23.404
EDSA,plus_30,1.0,EDSA_ZONE_04,14,33.104
EDSA,plus_30,1.0,EDSA_ZONE_04,15,41.95
EDSA,plus_30,1.0,EDSA_ZONE_04,16,38.094
EDSA,plus_30,1.0,EDSA_ZONE_04,17,34.01
EDSA,plus_30,1.0,EDSA_ZONE_04,18,36.723
EDSA,plus_30,1.0,EDSA_ZONE_04,19,33.882
EDSA,plus_30,1.0,EDSA_ZONE_04,20,18.502
EDSA,plus_30,1.0,EDSA_ZONE_04,21,21.13
EDSA,plus_30,1.0,EDSA_ZONE_04,22,16.842
EDSA,plus_30,1.0,EDSA_ZONE_04,23,20.249
EDSA,plus_30,1.0,EDSA_ZONE_04,UNKNOWN_TIME,4.869
EDSA,plus_30,1.0,EDSA_ZONE_05,00,1.575
EDSA,plus_30,1.0,EDSA_ZONE_05,01,7.249
EDSA,plus_30,1.0,EDSA_ZONE_05,02,4.863
EDSA,plus_30,1.0,EDSA_ZONE_05,03,3.107
EDSA,plus_30,1.0,EDSA_ZONE_05,04,14.302
EDSA,plus_30,1.0,EDSA_ZONE_05,05,27.37
EDSA,plus_30,1.0,EDSA_ZONE_05,06,50.947
EDSA,plus_30,1.0,EDSA_ZONE_05,07,76.803
EDSA,plus_30,1.0,EDSA_ZONE_05,08,64.154
EDSA,plus_30,1.0,EDSA_ZONE_05,09,71.758
EDSA,plus_30,1.0,EDSA_ZONE_05,10,47.479
EDSA,plus_30,1.0,EDSA_ZONE_05,11,55.758
EDSA,plus_30,1.0,EDSA_ZONE_05,12,45.263
EDSA,plus_30,1.0,EDSA_ZONE_05,13,25.063
EDSA,plus_30,1.0,EDSA_ZONE_05,14,43.003
EDSA,plus_30,1.0,EDSA_ZONE_05,15,29.773
EDSA,plus_30,1.0,EDSA_ZONE_05,16,25.284
EDSA,plus_30,1.0,EDSA_ZONE_05,17,26.829
EDSA,plus_30,1.0,EDSA_ZONE_05,18,23.794
EDSA,plus_30,1.0,EDSA_ZONE_05,19,20.283
EDSA,plus_30,1.0,EDSA_ZONE_05,20,17.075
EDSA,plus_30,1.0,EDSA_ZONE_05,21,15.374
EDSA,plus_30,1.0,EDSA_ZONE_05,22,15.24
EDSA,plus_30,1.0,EDSA_ZONE_05,23,13.627
EDSA,plus_30,1.0,EDSA_ZONE_05,UNKNOWN_TIME,4.893
EDSA,plus_30,1.0,EDSA_ZONE_06,00,11.276
EDSA,plus_30,1.0,EDSA_ZONE_06,01,4.017
EDSA,plus_30,1.0,EDSA_ZONE_06,02,4.926
EDSA,plus_30,1.0,EDSA_ZONE_06,03,2.423
EDSA,plus_30,1.0,EDSA_ZONE_06,04,17.921
EDSA,plus_30,1.0,EDSA_ZONE_06,05,25.004
EDSA,plus_30,1.0,EDSA_ZONE_06,06,47.524
EDSA,plus_30,1.0,EDSA_ZONE_06,07,46.773
EDSA,plus_30,1.0,EDSA_ZONE_06,08,46.648
EDSA,plus_30,1.0,EDSA_ZONE_06,09,40.416
EDSA,plus_30,1.0,EDSA_ZONE_06,10,41.745
EDSA,plus_30,1.0,EDSA_ZONE_06,11,35.422
EDSA,plus_30,1.0,EDSA_ZONE_06,12,36.876
EDSA,plus_30,1.0,EDSA_ZONE_06,13,20.185
EDSA,plus_30,1.0,EDSA_ZONE_06,14,27.168
EDSA,plus_30,1.0,EDSA_ZONE_06,15,48.547
EDSA,plus_30,1.0,EDSA_ZONE_06,16,44.726
EDSA,plus_30,1.0,EDSA_ZONE_06,17,31.756
EDSA,plus_30,1.0,EDSA_ZONE_06,18,40.282
EDSA,plus_30,1.0,EDSA_ZONE_06,19,43.943
EDSA,plus_30,1.0,EDSA_ZONE_06,20,31.116
EDSA,plus_30,1.0,EDSA_ZONE_06,21,15.254
EDSA,plus_30,1.0,EDSA_ZONE_06,22,35.4
EDSA,plus_30,1.0,EDSA_ZONE_06,23,26.186
EDSA,plus_30,1.0,EDSA_ZONE_06,UNKNOWN_TIME,4.901
EDSA,baseline,1.2,EDSA_ZONE_01,00,11.056
EDSA,baseline,1.2,EDSA_ZONE_01,01,6.205
EDSA,baseline,1.2,EDSA_ZONE_01,02,1.252
EDSA,baseline,1.2,EDSA_ZONE_01,03,1.265
EDSA,baseline,1.2,EDSA_ZONE_01,04,8.292
EDSA,baseline,1.2,EDSA_ZONE_01,05,18.021
EDSA,baseline,1.2,EDSA_ZONE_01,06,22.708
EDSA,baseline,1.2,EDSA_ZONE_01,07,31.012
EDSA,baseline,1.2,EDSA_ZONE_01,08,42.945
EDSA,baseline,1.2,EDSA_ZONE_01,09,38.312
EDSA,baseline,1.2,EDSA_ZONE_01,10,27.158
EDSA,baseline,1.2,EDSA_ZONE_01,11,23.062
EDSA,baseline,1.2,EDSA_ZONE_01,12,15.692
EDSA,baseline,1.2,EDSA_ZONE_01,13,16.364
EDSA,baseline,1.2,EDSA_ZONE_01,14,21.852
EDSA,baseline,1.2,EDSA_ZONE_01,15,43.956
EDSA,baseline,1.2,EDSA_ZONE_01,16,45.239
EDSA,baseline,1.2,EDSA_ZONE_01,17,40.262
EDSA,baseline,1.2,EDSA_ZONE_01,18,24.382
EDSA,baseline,1.2,EDSA_ZONE_01,19,33.384
EDSA,baseline,1.2,EDSA_ZONE_01,20,35.091
EDSA,baseline,1.2,EDSA_ZONE_01,21,13.767
EDSA,baseline,1.2,EDSA_ZONE_01,22,21.359
EDSA,baseline,1.2,EDSA_ZONE_01,23,20.835
EDSA,baseline,1.2,EDSA_ZONE_01,UNKNOWN_TIME,3.796
EDSA,baseline,1.2,EDSA_ZONE_02,00,11.845
EDSA,baseline,1.2,EDSA_ZONE_02,01,4.239
EDSA,baseline,1.2,EDSA_ZONE_02,02,1.238
EDSA,baseline,1.2,EDSA_ZONE_02,03,1.256
EDSA,baseline,1.2,EDSA_ZONE_02,04,3.123
EDSA,baseline,1.2,EDSA_ZONE_02,05,13.67
EDSA,baseline,1.2,EDSA_ZONE_02,06,20.453
EDSA,baseline,1.2,EDSA_ZONE_02,07,38.027
EDSA,baseline,1.2,EDSA_ZONE_02,08,31.527
EDSA,baseline,1.2,EDSA_ZONE_02,09,29.976
EDSA,baseline,1.2,EDSA_ZONE_02,10,23.421
EDSA,baseline,1.2,EDSA_ZONE_02,11,26.9
EDSA,baseline,1.2,EDSA_ZONE_02,12,28.869
EDSA,baseline,1.2,EDSA_ZONE_02,13,17.893
EDSA,baseline,1.2,EDSA_ZONE_02,14,43.803
EDSA,baseline,1.2,EDSA_ZONE_02,15,46.679
EDSA,baseline,1.2,EDSA_ZONE_02,16,46.147
EDSA,baseline,1.2,EDSA_ZONE_02,17,35.302
EDSA,baseline,1.2,EDSA_ZONE_02,18,26.396
EDSA,baseline,1.2,EDSA_ZONE_02,19,29.451
EDSA,baseline,1.2,EDSA_ZONE_02,20,25.873
EDSA,baseline,1.2,EDSA_ZONE_02,21,22.118
EDSA,baseline,1.2,EDSA_ZONE_02,22,17.621
EDSA,baseline,1.2,EDSA_ZONE_02,23,18.317
EDSA,baseline,1.2,EDSA_ZONE_02,UNKNOWN_TIME,2.504
EDSA,baseline,1.2,EDSA_ZONE_03,00,7.503
EDSA,baseline,1.2,EDSA_ZONE_03,01,2.578
EDSA,baseline,1.2,EDSA_ZONE_03,03,1.898
EDSA,baseline,1.2,EDSA_ZONE_03,04,3.103
EDSA,baseline,1.2,EDSA_ZONE_03,05,8.12
EDSA,baseline,1.2,EDSA_ZONE_03,06,28.104
EDSA,baseline,1.2,EDSA_ZONE_03,07,39.532
EDSA,baseline,1.2,EDSA_ZONE_03,08,37.177
EDSA,baseline,1.2,EDSA_ZONE_03,09,28.661
EDSA,baseline,1.2,EDSA_ZONE_03,10,29.575
EDSA,baseline,1.2,EDSA_ZONE_03,11,29.085
EDSA,baseline,1.2,EDSA_ZONE_03,12,32.344
EDSA,baseline,1.2,EDSA_ZONE_03,13,15.812
EDSA,baseline,1.2,EDSA_ZONE_03,14,36.487
EDSA,baseline,1.2,EDSA_ZONE_03,15,49.581
EDSA,baseline,1.2,EDSA_ZONE_03,16,48.613
EDSA,baseline,1.2,EDSA_ZONE_03,17,36.578
EDSA,baseline,1.2,EDSA_ZONE_03,18,39.175
EDSA,baseline,1.2,EDSA_ZONE_03,19,35.134
EDSA,baseline,1.2,EDSA_ZONE_03,20,24.961
EDSA,baseline,1.2,EDSA_ZONE_03,21,8.701
EDSA,baseline,1.2,EDSA_ZONE_03,22,17.692
EDSA,baseline,1.2,EDSA_ZONE_03,23,7.026
EDSA,baseline,1.2,EDSA_ZONE_03,UNKNOWN_TIME,0.592
EDSA,baseline,1.2,EDSA_ZONE_04,00,9.339
EDSA,baseline,1.2,EDSA_ZONE_04,01,1.889
EDSA,baseline,1.2,EDSA_ZONE_04,02,0.638
EDSA,baseline,1.2,EDSA_ZONE_04,03,1.866
EDSA,baseline,1.2,EDSA_ZONE_04,04,5.548
EDSA,baseline,1.2,EDSA_ZONE_04,05,17.082
EDSA,baseline,1.2,EDSA_ZONE_04,06,28.88
EDSA,baseline,1.2,EDSA_ZONE_04,07,57.103
EDSA,baseline,1.2,EDSA_ZONE_04,08,48.056
EDSA,baseline,1.2,EDSA_ZONE_04,09,41.296
EDSA,baseline,1.2,EDSA_ZONE_04,10,44.535
EDSA,baseline,1.2,EDSA_ZONE_04,11,35.199
EDSA,baseline,1.2,EDSA_ZONE_04,12,25.081
EDSA,baseline,1.2,EDSA_ZONE_04,13,18.226
EDSA,baseline,1.2,EDSA_ZONE_04,14,25.948
EDSA,baseline,1.2,EDSA_ZONE_04,15,32.462
EDSA,baseline,1.2,EDSA_ZONE_04,16,29.532
EDSA,baseline,1.2,EDSA_ZONE_04,17,26.369
EDSA,baseline,1.2,EDSA_ZONE_04,18,27.845
EDSA,baseline,1.2,EDSA_ZONE_04,19,26.176
EDSA,baseline,1.2,EDSA_ZONE_04,20,14.28
EDSA,baseline,1.2,EDSA_ZONE_04,21,16.212
EDSA,baseline,1.2,EDSA_ZONE_04,22,13.008
EDSA,baseline,1.2,EDSA_ZONE_04,23,15.466
EDSA,baseline,1.2,EDSA_ZONE_04,UNKNOWN_TIME,3.73
EDSA,baseline,1.2,EDSA_ZONE_05,00,1.304
EDSA,baseline,1.2,EDSA_ZONE_05,01,5.597
EDSA,baseline,1.2,EDSA_ZONE_05,02,3.852
EDSA,baseline,1.2,EDSA_ZONE_05,03,2.449
EDSA,baseline,1.2,EDSA_ZONE_05,04,11.205
EDSA,baseline,1.2,EDSA_ZONE_05,05,21.036
EDSA,baseline,1.2,EDSA_ZONE_05,06,39.559
EDSA,baseline,1.2,EDSA_ZONE_05,07,59.608
EDSA,baseline,1.2,EDSA_ZONE_05,08,50.338
EDSA,baseline,1.2,EDSA_ZONE_05,09,55.956
EDSA,baseline,1.2,EDSA_ZONE_05,10,36.767
EDSA,baseline,1.2,EDSA_ZONE_05,11,43.155
EDSA,baseline,1.2,EDSA_ZONE_05,12,35.266
EDSA,baseline,1.2,EDSA_ZONE_05,13,19.553
EDSA,baseline,1.2,EDSA_ZONE_05,14,33.165
EDSA,baseline,1.2,EDSA_ZONE_05,15,23.12
EDSA,baseline,1.2,EDSA_ZONE_05,16,19.561
EDSA,baseline,1.2,EDSA_ZONE_05,17,20.781
EDSA,baseline,1.2,EDSA_ZONE_05,18,18.075
EDSA,baseline,1.2,EDSA_ZONE_05,19,15.679
EDSA,baseline,1.2,EDSA_ZONE_05,20,13.01
EDSA,baseline,1.2,EDSA_ZONE_05,21,12.16
EDSA,baseline,1.2,EDSA_ZONE_05,22,11.79
EDSA,baseline,1.2,EDSA_ZONE_05,23,10.709
EDSA,baseline,1.2,EDSA_ZONE_05,UNKNOWN_TIME,3.788
EDSA,baseline,1.2,EDSA_ZONE_06,00,8.721
EDSA,baseline,1.2,EDSA_ZONE_06,01,3.129
EDSA,baseline,1.2,EDSA_ZONE_06,02,3.658
EDSA,baseline,1.2,EDSA_ZONE_06,03,1.934
EDSA,baseline,1.2,EDSA_ZONE_06,04,13.885
EDSA,baseline,1.2,EDSA_ZONE_06,05,19.38
EDSA,baseline,1.2,EDSA_ZONE_06,06,37.136
EDSA,baseline,1.2,EDSA_ZONE_06,07,36.381
EDSA,baseline,1.2,EDSA_ZONE_06,08,36.243
EDSA,baseline,1.2,EDSA_ZONE_06,09,31.562
EDSA,baseline,1.2,EDSA_ZONE_06,10,32.814
EDSA,baseline,1.2,EDSA_ZONE_06,11,27.527
EDSA,baseline,1.2,EDSA_ZONE_06,12,28.546
EDSA,baseline,1.2,EDSA_ZONE_06,13,15.485
EDSA,baseline,1.2,EDSA_ZONE_06,14,21.031
EDSA,baseline,1.2,EDSA_ZONE_06,15,37.487
EDSA,baseline,1.2,EDSA_ZONE_06,16,34.431
EDSA,baseline,1.2,EDSA_ZONE_06,17,24.437
EDSA,baseline,1.2,EDSA_ZONE_06,18,31.362
EDSA,baseline,1.2,EDSA_ZONE_06,19,34.755
EDSA,baseline,1.2,EDSA_ZONE_06,20,23.884
EDSA,baseline,1.2,EDSA_ZONE_06,21,11.922
EDSA,baseline,1.2,EDSA_ZONE_06,22,27.432
EDSA,baseline,1.2,EDSA_ZONE_06,23,20.053
EDSA,baseline,1.2,EDSA_ZONE_06,UNKNOWN_TIME,3.923
EDSA,plus_10,1.2,EDSA_ZONE_01,00,12.639
EDSA,plus_10,1.2,EDSA_ZONE_01,01,6.973
EDSA,plus_10,1.2,EDSA_ZONE_01,02,1.352
EDSA,plus_10,1.2,EDSA_ZONE_01,03,1.405
EDSA,plus_10,1.2,EDSA_ZONE_01,04,9.17
EDSA,plus_10,1.2,EDSA_ZONE_01,05,20.324
EDSA,plus_10,1.2,EDSA_ZONE_01,06,25.076
EDSA,plus_10,1.2,EDSA_ZONE_01,07,35.372
EDSA,plus_10,1.2,EDSA_ZONE_01,08,47.61
EDSA,plus_10,1.2,EDSA_ZONE_01,09,42.671
EDSA,plus_10,1.2,EDSA_ZONE_01,10,30.644
EDSA,plus_10,1.2,EDSA_ZONE_01,11,25.578
EDSA,plus_10,1.2,EDSA_ZONE_01,12,17.572
EDSA,plus_10,1.2,EDSA_ZONE_01,13,18.228
EDSA,plus_10,1.2,EDSA_ZONE_01,14,24.471
EDSA,plus_10,1.2,EDSA_ZONE_01,15,49.172
EDSA,plus_10,1.2,EDSA_ZONE_01,16,50.111
EDSA,plus_10,1.2,EDSA_ZONE_01,17,44.861
EDSA,plus_10,1.2,EDSA_ZONE_01,18,27.513
EDSA,plus_10,1.2,EDSA_ZONE_01,19,37.095
EDSA,plus_10,1.2,EDSA_ZONE_01,20,39.278
EDSA,plus_10,1.2,EDSA_ZONE_01,21,15.272
EDSA,plus_10,1.2,EDSA_ZONE_01,22,23.531
EDSA,plus_10,1.2,EDSA_ZONE_01,23,22.998
EDSA,plus_10,1.2,EDSA_ZONE_01,UNKNOWN_TIME,4.166
EDSA,plus_10,1.2,EDSA_ZONE_02,00,13.237
EDSA,plus_10,1.2,EDSA_ZONE_02,01,4.787
EDSA,plus_10,1.2,EDSA_ZONE_02,02,1.428
EDSA,plus_10,1.2,EDSA_ZONE_02,03,1.384
EDSA,plus_10,1.2,EDSA_ZONE_02,04,3.557
EDSA,plus_10,1.2,EDSA_ZONE_02,05,15.373
EDSA,plus_10,1.2,EDSA_ZONE_02,06,23.169
EDSA,plus_10,1.2,EDSA_ZONE_02,07,42.984
EDSA,plus_10,1.2,EDSA_ZONE_02,08,35.688
EDSA,plus_10,1.2,EDSA_ZONE_02,09,33.355
EDSA,plus_10,1.2,EDSA_ZONE_02,10,25.958
EDSA,plus_10,1.2,EDSA_ZONE_02,11,30.032
EDSA,plus_10,1.2,EDSA_ZONE_02,12,32.171
EDSA,plus_10,1.2,EDSA_ZONE_02,13,20.35
EDSA,plus_10,1.2,EDSA_ZONE_02,14,49.164
EDSA,plus_10,1.2,EDSA_ZONE_02,15,51.488
EDSA,plus_10,1.2,EDSA_ZONE_02,16,52.203
EDSA,plus_10,1.2,EDSA_ZONE_02,17,38.818
EDSA,plus_10,1.2,EDSA_ZONE_02,18,29.14
EDSA,plus_10,1.2,EDSA_ZONE_02,19,32.645
EDSA,plus_10,1.2,EDSA_ZONE_02,20,28.645
EDSA,plus_10,1.2,EDSA_ZONE_02,21,24.413
EDSA,plus_10,1.2,EDSA_ZONE_02,22,19.846
EDSA,plus_10,1.2,EDSA_ZONE_02,23,20.149
EDSA,plus_10,1.2,EDSA_ZONE_02,UNKNOWN_TIME,2.722
EDSA,plus_10,1.2,EDSA_ZONE_03,00,8.46
EDSA,plus_10,1.2,EDSA_ZONE_03,01,2.812
EDSA,plus_10,1.2,EDSA_ZONE_03,03,2.048
EDSA,plus_10,1.2,EDSA_ZONE_03,04,3.538
EDSA,plus_10,1.2,EDSA_ZONE_03,05,9.039
EDSA,plus_10,1.2,EDSA_ZONE_03,06,31.364
EDSA,plus_10,1.2,EDSA_ZONE_03,07,43.682
EDSA,plus_10,1.2,EDSA_ZONE_03,08,41.287
EDSA,plus_10,1.2,EDSA_ZONE_03,09,32.011
EDSA,plus_10,1.2,EDSA_ZONE_03,10,33.078
EDSA,plus_10,1.2,EDSA_ZONE_03,11,31.795
EDSA,plus_10,1.2,EDSA_ZONE_03,12,36.392
EDSA,plus_10,1.2,EDSA_ZONE_03,13,17.384
EDSA,plus_10,1.2,EDSA_ZONE_03,14,40.399
EDSA,plus_10,1.2,EDSA_ZONE_03,15,55.151
EDSA,plus_10,1.2,EDSA_ZONE_03,16,53.693
EDSA,plus_10,1.2,EDSA_ZONE_03,17,40.498
EDSA,plus_10,1.2,EDSA_ZONE_03,18,44.003
EDSA,plus_10,1.2,EDSA_ZONE_03,19,39.078
EDSA,plus_10,1.2,EDSA_ZONE_03,20,28.105
EDSA,plus_10,1.2,EDSA_ZONE_03,21,9.759
EDSA,plus_10,1.2,EDSA_ZONE_03,22,19.455
EDSA,plus_10,1.2,EDSA_ZONE_03,23,7.795
EDSA,plus_10,1.2,EDSA_ZONE_03,UNKNOWN_TIME,0.694
EDSA,plus_10,1.2,EDSA_ZONE_04,00,10.41
EDSA,plus_10,1.2,EDSA_ZONE_04,01,2.014
EDSA,plus_10,1.2,EDSA_ZONE_04,02,0.676
EDSA,plus_10,1.2,EDSA_ZONE_04,03,2.057
EDSA,plus_10,1.2,EDSA_ZONE_04,04,6.194
EDSA,plus_10,1.2,EDSA_ZONE_04,05,19.102
EDSA,plus_10,1.2,EDSA_ZONE_04,06,32.14
EDSA,plus_10,1.2,EDSA_ZONE_04,07,63.699
EDSA,plus_10,1.2,EDSA_ZONE_04,08,53.998
EDSA,plus_10,1.2,EDSA_ZONE_04,09,46.102
EDSA,plus_10,1.2,EDSA_ZONE_04,10,49.47
EDSA,plus_10,1.2,EDSA_ZONE_04,11,39.218
EDSA,plus_10,1.2,EDSA_ZONE_04,12,27.828
EDSA,plus_10,1.2,EDSA_ZONE_04,13,20.118
EDSA,plus_10,1.2,EDSA_ZONE_04,14,28.262
EDSA,plus_10,1.2,EDSA_ZONE_04,15,36.397
EDSA,plus_10,1.2,EDSA_ZONE_04,16,32.777
EDSA,plus_10,1.2,EDSA_ZONE_04,17,29.315
EDSA,plus_10,1.2,EDSA_ZONE_04,18,31.527
EDSA,plus_10,1.2,EDSA_ZONE_04,19,29.603
EDSA,plus_10,1.2,EDSA_ZONE_04,20,16.073
EDSA,plus_10,1.2,EDSA_ZONE_04,21,17.963
EDSA,plus_10,1.2,EDSA_ZONE_04,22,14.575
EDSA,plus_10,1.2,EDSA_ZONE_04,23,17.688
EDSA,plus_10,1.2,EDSA_ZONE_04,UNKNOWN_TIME,4.228
EDSA,plus_10,1.2,EDSA_ZONE_05,00,1.402
EDSA,plus_10,1.2,EDSA_ZONE_05,01,6.239
EDSA,plus_10,1.2,EDSA_ZONE_05,02,4.164
EDSA,plus_10,1.2,EDSA_ZONE_05,03,2.827
EDSA,plus_10,1.2,EDSA_ZONE_05,04,12.518
EDSA,plus_10,1.2,EDSA_ZONE_05,05,23.489
EDSA,plus_10,1.2,EDSA_ZONE_05,06,44.161
EDSA,plus_10,1.2,EDSA_ZONE_05,07,66.418
EDSA,plus_10,1.2,EDSA_ZONE_05,08,55.657
EDSA,plus_10,1.2,EDSA_ZONE_05,09,62.271
EDSA,plus_10,1.2,EDSA_ZONE_05,10,41.162
EDSA,plus_10,1.2,EDSA_ZONE_05,11,48.144
EDSA,plus_10,1.2,EDSA_ZONE_05,12,39.318
EDSA,plus_10,1.2,EDSA_ZONE_05,13,21.73
EDSA,plus_10,1.2,EDSA_ZONE_05,14,36.86
EDSA,plus_10,1.2,EDSA_ZONE_05,15,25.6
EDSA,plus_10,1.2,EDSA_ZONE_05,16,21.806
EDSA,plus_10,1.2,EDSA_ZONE_05,17,23.098
EDSA,plus_10,1.2,EDSA_ZONE_05,18,20.184
EDSA,plus_10,1.2,EDSA_ZONE_05,19,17.323
EDSA,plus_10,1.2,EDSA_ZONE_05,20,14.694
EDSA,plus_10,1.2,EDSA_ZONE_05,21,13.451
EDSA,plus_10,1.2,EDSA_ZONE_05,22,13.36
EDSA,plus_10,1.2,EDSA_ZONE_05,23,11.883
EDSA,plus_10,1.2,EDSA_ZONE_05,UNKNOWN_TIME,4.128
EDSA,plus_10,1.2,EDSA_ZONE_06,00,9.838
EDSA,plus_10,1.2,EDSA_ZONE_06,01,3.467
EDSA,plus_10,1.2,EDSA_ZONE_06,02,4.242
EDSA,plus_10,1.2,EDSA_ZONE_06,03,2.106
EDSA,plus_10,1.2,EDSA_ZONE_06,04,15.151
EDSA,plus_10,1.2,EDSA_ZONE_06,05,21.674
EDSA,plus_10,1.2,EDSA_ZONE_06,06,41.372
EDSA,plus_10,1.2,EDSA_ZONE_06,07,40.502
EDSA,plus_10,1.2,EDSA_ZONE_06,08,40.659
EDSA,plus_10,1.2,EDSA_ZONE_06,09,34.649
EDSA,plus_10,1.2,EDSA_ZONE_06,10,36.232
EDSA,plus_10,1.2,EDSA_ZONE_06,11,30.826
EDSA,plus_10,1.2,EDSA_ZONE_06,12,32.287
EDSA,plus_10,1.2,EDSA_ZONE_06,13,17.454
EDSA,plus_10,1.2,EDSA_ZONE_06,14,23.787
EDSA,plus_10,1.2,EDSA_ZONE_06,15,41.988
EDSA,plus_10,1.2,EDSA_ZONE_06,16,38.685
EDSA,plus_10,1.2,EDSA_ZONE_06,17,27.051
EDSA,plus_10,1.2,EDSA_ZONE_06,18,34.711
EDSA,plus_10,1.2,EDSA_ZONE_06,19,38.245
EDSA,plus_10,1.2,EDSA_ZONE_06,20,26.297
EDSA,plus_10,1.2,EDSA_ZONE_06,21,13.222
EDSA,plus_10,1.2,EDSA_ZONE_06,22,30.614
EDSA,plus_10,1.2,EDSA_ZONE_06,23,22.475
EDSA,plus_10,1.2,EDSA_ZONE_06,UNKNOWN_TIME,4.216
EDSA,plus_20,1.2,EDSA_ZONE_01,00,13.802
EDSA,plus_20,1.2,EDSA_ZONE_01,01,7.86
EDSA,plus_20,1.2,EDSA_ZONE_01,02,1.546
EDSA,plus_20,1.2,EDSA_ZONE_01,03,1.554
EDSA,plus_20,1.2,EDSA_ZONE_01,04,9.973
EDSA,plus_20,1.2,EDSA_ZONE_01,05,22.233
EDSA,plus_20,1.2,EDSA_ZONE_01,06,27.735
EDSA,plus_20,1.2,EDSA_ZONE_01,07,38.816
EDSA,plus_20,1.2,EDSA_ZONE_01,08,52.422
EDSA,plus_20,1.2,EDSA_ZONE_01,09,47.137
EDSA,plus_20,1.2,EDSA_ZONE_01,10,34.102
EDSA,plus_20,1.2,EDSA_ZONE_01,11,28.465
EDSA,plus_20,1.2,EDSA_ZONE_01,12,19.366
EDSA,plus_20,1.2,EDSA_ZONE_01,13,20.035
EDSA,plus_20,1.2,EDSA_ZONE_01,14,27.201
EDSA,plus_20,1.2,EDSA_ZONE_01,15,54.553
EDSA,plus_20,1.2,EDSA_ZONE_01,16,55.769
EDSA,plus_20,1.2,EDSA_ZONE_01,17,49.774
EDSA,plus_20,1.2,EDSA_ZONE_01,18,30.192
EDSA,plus_20,1.2,EDSA_ZONE_01,19,41.039
EDSA,plus_20,1.2,EDSA_ZONE_01,20,43.39
EDSA,plus_20,1.2,EDSA_ZONE_01,21,17.06
EDSA,plus_20,1.2,EDSA_ZONE_01,22,26.501
EDSA,plus_20,1.2,EDSA_ZONE_01,23,25.379
EDSA,plus_20,1.2,EDSA_ZONE_01,UNKNOWN_TIME,4.694
EDSA,plus_20,1.2,EDSA_ZONE_02,00,14.606
EDSA,plus_20,1.2,EDSA_ZONE_02,01,5.414
EDSA,plus_20,1.2,EDSA_ZONE_02,02,1.585
EDSA,plus_20,1.2,EDSA_ZONE_02,03,1.577
EDSA,plus_20,1.2,EDSA_ZONE_02,04,3.777
EDSA,plus_20,1.2,EDSA_ZONE_02,05,17.15
EDSA,plus_20,1.2,EDSA_ZONE_02,06,25.467
EDSA,plus_20,1.2,EDSA_ZONE_02,07,47.081
EDSA,plus_20,1.2,EDSA_ZONE_02,08,39.287
EDSA,plus_20,1.2,EDSA_ZONE_02,09,37.297
EDSA,plus_20,1.2,EDSA_ZONE_02,10,28.659
EDSA,plus_20,1.2,EDSA_ZONE_02,11,33.263
EDSA,plus_20,1.2,EDSA_ZONE_02,12,35.6
EDSA,plus_20,1.2,EDSA_ZONE_02,13,22.406
EDSA,plus_20,1.2,EDSA_ZONE_02,14,54.353
EDSA,plus_20,1.2,EDSA_ZONE_02,15,57.379
EDSA,plus_20,1.2,EDSA_ZONE_02,16,57.159
EDSA,plus_20,1.2,EDSA_ZONE_02,17,43.207
EDSA,plus_20,1.2,EDSA_ZONE_02,18,32.656
EDSA,plus_20,1.2,EDSA_ZONE_02,19,36.437
EDSA,plus_20,1.2,EDSA_ZONE_02,20,31.502
EDSA,plus_20,1.2,EDSA_ZONE_02,21,26.766
EDSA,plus_20,1.2,EDSA_ZONE_02,22,21.634
EDSA,plus_20,1.2,EDSA_ZONE_02,23,22.27
EDSA,plus_20,1.2,EDSA_ZONE_02,UNKNOWN_TIME,3.111
EDSA,plus_20,1.2,EDSA_ZONE_03,00,9.306
EDSA,plus_20,1.2,EDSA_ZONE_03,01,3.071
EDSA,plus_20,1.2,EDSA_ZONE_03,03,2.388
EDSA,plus_20,1.2,EDSA_ZONE_03,04,3.915
EDSA,plus_20,1.2,EDSA_ZONE_03,05,9.938
EDSA,plus_20,1.2,EDSA_ZONE_03,06,34.879
EDSA,plus_20,1.2,EDSA_ZONE_03,07,48.726
EDSA,plus_20,1.2,EDSA_ZONE_03,08,45.866
EDSA,plus_20,1.2,EDSA_ZONE_03,09,35.679
EDSA,plus_20,1.2,EDSA_ZONE_03,10,35.968
EDSA,plus_20,1.2,EDSA_ZONE_03,11,35.473
EDSA,plus_20,1.2,EDSA_ZONE_03,12,40.389
EDSA,plus_20,1.2,EDSA_ZONE_03,13,19.46
EDSA,plus_20,1.2,EDSA_ZONE_03,14,45.092
EDSA,plus_20,1.2,EDSA_ZONE_03,15,61.127
EDSA,plus_20,1.2,EDSA_ZONE_03,16,59.316
EDSA,plus_20,1.2,EDSA_ZONE_03,17,45.1
EDSA,plus_20,1.2,EDSA_ZONE_03,18,48.647
EDSA,plus_20,1.2,EDSA_ZONE_03,19,43.589
EDSA,plus_20,1.2,EDSA_ZONE_03,20,30.507
EDSA,plus_20,1.2,EDSA_ZONE_03,21,10.856
EDSA,plus_20,1.2,EDSA_ZONE_03,22,21.708
EDSA,plus_20,1.2,EDSA_ZONE_03,23,8.552
EDSA,plus_20,1.2,EDSA_ZONE_03,UNKNOWN_TIME,0.748
EDSA,plus_20,1.2,EDSA_ZONE_04,00,11.714
EDSA,plus_20,1.2,EDSA_ZONE_04,01,2.354
EDSA,plus_20,1.2,EDSA_ZONE_04,02,0.795
EDSA,plus_20,1.2,EDSA_ZONE_04,03,2.367
EDSA,plus_20,1.2,EDSA_ZONE_04,04,7.028
EDSA,plus_20,1.2,EDSA_ZONE_04,05,20.811
EDSA,plus_20,1.2,EDSA_ZONE_04,06,35.439
EDSA,plus_20,1.2,EDSA_ZONE_04,07,70.354
EDSA,plus_20,1.2,EDSA_ZONE_04,08,59.765
EDSA,plus_20,1.2,EDSA_ZONE_04,09,51.257
EDSA,plus_20,1.2,EDSA_ZONE_04,10,54.761
EDSA,plus_20,1.2,EDSA_ZONE_04,11,43.15
EDSA,plus_20,1.2,EDSA_ZONE_04,12,30.887
EDSA,plus_20,1.2,EDSA_ZONE_04,13,22.4
EDSA,plus_20,1.2,EDSA_ZONE_04,14,31.957
EDSA,plus_20,1.2,EDSA_ZONE_04,15,39.854
EDSA,plus_20,1.2,EDSA_ZONE_04,16,36.297
EDSA,plus_20,1.2,EDSA_ZONE_04,17,32.411
EDSA,plus_20,1.2,EDSA_ZONE_04,18,34.811
EDSA,plus_20,1.2,EDSA_ZONE_04,19,32.75
EDSA,plus_20,1.2,EDSA_ZONE_04,20,17.777
EDSA,plus_20,1.2,EDSA_ZONE_04,21,19.841
EDSA,plus_20,1.2,EDSA_ZONE_04,22,16.457
EDSA,plus_20,1.2,EDSA_ZONE_04,23,19.614
EDSA,plus_20,1.2,EDSA_ZONE_04,UNKNOWN_TIME,4.63
EDSA,plus_20,1.2,EDSA_ZONE_05,00,1.53
EDSA,plus_20,1.2,EDSA_ZONE_05,01,6.794
EDSA,plus_20,1.2,EDSA_ZONE_05,02,4.612
EDSA,plus_20,1.2,EDSA_ZONE_05,03,3.093
EDSA,plus_20,1.2,EDSA_ZONE_05,04,13.938
EDSA,plus_20,1.2,EDSA_ZONE_05,05,26.505
EDSA,plus_20,1.2,EDSA_ZONE_05,06,49.134
EDSA,plus_20,1.2,EDSA_ZONE_05,07,73.828
EDSA,plus_20,1.2,EDSA_ZONE_05,08,61.43
EDSA,plus_20,1.2,EDSA_ZONE_05,09,68.838
EDSA,plus_20,1.2,EDSA_ZONE_05,10,45.26
EDSA,plus_20,1.2,EDSA_ZONE_05,11,53.521
EDSA,plus_20,1.2,EDSA_ZONE_05,12,43.078
EDSA,plus_20,1.2,EDSA_ZONE_05,13,23.891
EDSA,plus_20,1.2,EDSA_ZONE_05,14,41.261
EDSA,plus_20,1.2,EDSA_ZONE_05,15,28.433
EDSA,plus_20,1.2,EDSA_ZONE_05,16,24.014
EDSA,plus_20,1.2,EDSA_ZONE_05,17,25.471
EDSA,plus_20,1.2,EDSA_ZONE_05,18,22.524
EDSA,plus_20,1.2,EDSA_ZONE_05,19,19.31
EDSA,plus_20,1.2,EDSA_ZONE_05,20,16.161
EDSA,plus_20,1.2,EDSA_ZONE_05,21,14.747
EDSA,plus_20,1.2,EDSA_ZONE_05,22,14.802
EDSA,plus_20,1.2,EDSA_ZONE_05,23,13.196
EDSA,plus_20,1.2,EDSA_ZONE_05,UNKNOWN_TIME,4.615
EDSA,plus_20,1.2,EDSA_ZONE_06,00,10.766
EDSA,plus_20,1.2,EDSA_ZONE_06,01,3.825
EDSA,plus_20,1.2,EDSA_ZONE_06,02,4.805
EDSA,plus_20,1.2,EDSA_ZONE_06,03,2.391
EDSA,plus_20,1.2,EDSA_ZONE_06,04,16.934
EDSA,plus_20,1.2,EDSA_ZONE_06,05,24.199
EDSA,plus_20,1.2,EDSA_ZONE_06,06,45.573
EDSA,plus_20,1.2,EDSA_ZONE_06,07,44.269
EDSA,plus_20,1.2,EDSA_ZONE_06,08,44.513
EDSA,plus_20,1.2,EDSA_ZONE_06,09,38.702
EDSA,plus_20,1.2,EDSA_ZONE_06,10,40.017
EDSA,plus_20,1.2,EDSA_ZONE_06,11,34.044
EDSA,plus_20,1.2,EDSA_ZONE_06,12,35.381
EDSA,plus_20,1.2,EDSA_ZONE_06,13,19.29
EDSA,plus_20,1.2,EDSA_ZONE_06,14,26.269
EDSA,plus_20,1.2,EDSA_ZONE_06,15,46.514
EDSA,plus_20,1.2,EDSA_ZONE_06,16,42.544
EDSA,plus_20,1.2,EDSA_ZONE_06,17,30.227
EDSA,plus_20,1.2,EDSA_ZONE_06,18,38.29
EDSA,plus_20,1.2,EDSA_ZONE_06,19,42.538
EDSA,plus_20,1.2,EDSA_ZONE_06,20,29.338
EDSA,plus_20,1.2,EDSA_ZONE_06,21,14.52
EDSA,plus_20,1.2,EDSA_ZONE_06,22,33.925
EDSA,plus_20,1.2,EDSA_ZONE_06,23,24.796
EDSA,plus_20,1.2,EDSA_ZONE_06,UNKNOWN_TIME,4.594
EDSA,plus_30,1.2,EDSA_ZONE_01,00,15.465
EDSA,plus_30,1.2,EDSA_ZONE_01,01,8.758
EDSA,plus_30,1.2,EDSA_ZONE_01,02,1.678
EDSA,plus_30,1.2,EDSA_ZONE_01,03,1.733
EDSA,plus_30,1.2,EDSA_ZONE_01,04,11.102
EDSA,plus_30,1.2,EDSA_ZONE_01,05,24.617
EDSA,plus_30,1.2,EDSA_ZONE_01,06,31.055
EDSA,plus_30,1.2,EDSA_ZONE_01,07,42.872
EDSA,plus_30,1.2,EDSA_ZONE_01,08,58.234
EDSA,plus_30,1.2,EDSA_ZONE_01,09,52.165
EDSA,plus_30,1.2,EDSA_ZONE_01,10,37.907
EDSA,plus_30,1.2,EDSA_ZONE_01,11,31.707
EDSA,plus_30,1.2,EDSA_ZONE_01,12,21.664
EDSA,plus_30,1.2,EDSA_ZONE_01,13,22.368
EDSA,plus_30,1.2,EDSA_ZONE_01,14,29.964
EDSA,plus_30,1.2,EDSA_ZONE_01,15,59.367
EDSA,plus_30,1.2,EDSA_ZONE_01,16,61.56
EDSA,plus_30,1.2,EDSA_ZONE_01,17,55.159
EDSA,plus_30,1.2,EDSA_ZONE_01,18,33.072
EDSA,plus_30,1.2,EDSA_ZONE_01,19,45.249
EDSA,plus_30,1.2,EDSA_ZONE_01,20,47.879
EDSA,plus_30,1.2,EDSA_ZONE_01,21,18.722
EDSA,plus_30,1.2,EDSA_ZONE_01,22,29.114
EDSA,plus_30,1.2,EDSA_ZONE_01,23,27.96
EDSA,plus_30,1.2,EDSA_ZONE_01,UNKNOWN_TIME,5.099
EDSA,plus_30,1.2,EDSA_ZONE_02,00,15.98
EDSA,plus_30,1.2,EDSA_ZONE_02,01,6.027
EDSA,plus_30,1.2,EDSA_ZONE_02,02,1.746
EDSA,plus_30,1.2,EDSA_ZONE_02,03,1.675
EDSA,plus_30,1.2,EDSA_ZONE_02,04,4.176
EDSA,plus_30,1.2,EDSA_ZONE_02,05,18.849
EDSA,plus_30,1.2,EDSA_ZONE_02,06,28.001
EDSA,plus_30,1.2,EDSA_ZONE_02,07,52.158
EDSA,plus_30,1.2,EDSA_ZONE_02,08,43.316
EDSA,plus_30,1.2,EDSA_ZONE_02,09,41.191
EDSA,plus_30,1.2,EDSA_ZONE_02,10,31.61
EDSA,plus_30,1.2,EDSA_ZONE_02,11,36.811
EDSA,plus_30,1.2,EDSA_ZONE_02,12,39.368
EDSA,plus_30,1.2,EDSA_ZONE_02,13,24.819
EDSA,plus_30,1.2,EDSA_ZONE_02,14,60.088
EDSA,plus_30,1.2,EDSA_ZONE_02,15,63.304
EDSA,plus_30,1.2,EDSA_ZONE_02,16,63.247
EDSA,plus_30,1.2,EDSA_ZONE_02,17,48.402
EDSA,plus_30,1.2,EDSA_ZONE_02,18,35.653
EDSA,plus_30,1.2,EDSA_ZONE_02,19,40.456
EDSA,plus_30,1.2,EDSA_ZONE_02,20,35.393
EDSA,plus_30,1.2,EDSA_ZONE_02,21,30.06
EDSA,plus_30,1.2,EDSA_ZONE_02,22,23.767
EDSA,plus_30,1.2,EDSA_ZONE_02,23,24.805
EDSA,plus_30,1.2,EDSA_ZONE_02,UNKNOWN_TIME,3.516
EDSA,plus_30,1.2,EDSA_ZONE_03,00,10.209
EDSA,plus_30,1.2,EDSA_ZONE_03,01,3.442
EDSA,plus_30,1.2,EDSA_ZONE_03,03,2.496
EDSA,plus_30,1.2,EDSA_ZONE_03,04,4.273
EDSA,plus_30,1.2,EDSA_ZONE_03,05,11.142
EDSA,plus_30,1.2,EDSA_ZONE_03,06,38.114
EDSA,plus_30,1.2,EDSA_ZONE_03,07,54.144
EDSA,plus_30,1.2,EDSA_ZONE_03,08,50.303
EDSA,plus_30,1.2,EDSA_ZONE_03,09,39.224
EDSA,plus_30,1.2,EDSA_ZONE_03,10,40.093
EDSA,plus_30,1.2,EDSA_ZONE_03,11,38.741
EDSA,plus_30,1.2,EDSA_ZONE_03,12,44.45
EDSA,plus_30,1.2,EDSA_ZONE_03,13,21.412
EDSA,plus_30,1.2,EDSA_ZONE_03,14,49.356
EDSA,plus_30,1.2,EDSA_ZONE_03,15,68.081
EDSA,plus_30,1.2,EDSA_ZONE_03,16,65.814
EDSA,plus_30,1.2,EDSA_ZONE_03,17,49.089
EDSA,plus_30,1.2,EDSA_ZONE_03,18,54.004
EDSA,plus_30,1.2,EDSA_ZONE_03,19,47.679
EDSA,plus_30,1.2,EDSA_ZONE_03,20,34.142
EDSA,plus_30,1.2,EDSA_ZONE_03,21,11.982
EDSA,plus_30,1.2,EDSA_ZONE_03,22,23.867
EDSA,plus_30,1.2,EDSA_ZONE_03,23,9.304
EDSA,plus_30,1.2,EDSA_ZONE_03,UNKNOWN_TIME,0.852
EDSA,plus_30,1.2,EDSA_ZONE_04,00,12.716
EDSA,plus_30,1.2,EDSA_ZONE_04,01,2.676
EDSA,plus_30,1.2,EDSA_ZONE_04,02,0.89
EDSA,plus_30,1.2,EDSA_ZONE_04,03,2.491
EDSA,plus_30,1.2,EDSA_ZONE_04,04,7.838
EDSA,plus_30,1.2,EDSA_ZONE_04,05,22.814
EDSA,plus_30,1.2,EDSA_ZONE_04,06,39.224
EDSA,plus_30,1.2,EDSA_ZONE_04,07,77.23
EDSA,plus_30,1.2,EDSA_ZONE_04,08,66.065
EDSA,plus_30,1.2,EDSA_ZONE_04,09,56.119
EDSA,plus_30,1.2,EDSA_ZONE_04,10,60.384
EDSA,plus_30,1.2,EDSA_ZONE_04,11,47.633
EDSA,plus_30,1.2,EDSA_ZONE_04,12,34.07
EDSA,plus_30,1.2,EDSA_ZONE_04,13,24.761
EDSA,plus_30,1.2,EDSA_ZONE_04,14,35.326
EDSA,plus_30,1.2,EDSA_ZONE_04,15,44.263
EDSA,plus_30,1.2,EDSA_ZONE_04,16,40.072
EDSA,plus_30,1.2,EDSA_ZONE_04,17,36.207
EDSA,plus_30,1.2,EDSA_ZONE_04,18,38.876
EDSA,plus_30,1.2,EDSA_ZONE_04,19,35.889
EDSA,plus_30,1.2,EDSA_ZONE_04,20,19.72
EDSA,plus_30,1.2,EDSA_ZONE_04,21,22.41
EDSA,plus_30,1.2,EDSA_ZONE_04,22,18.086
EDSA,plus_30,1.2,EDSA_ZONE_04,23,21.421
EDSA,plus_30,1.2,EDSA_ZONE_04,UNKNOWN_TIME,5.148
EDSA,plus_30,1.2,EDSA_ZONE_05,00,1.673
EDSA,plus_30,1.2,EDSA_ZONE_05,01,7.789
EDSA,plus_30,1.2,EDSA_ZONE_05,02,5.104
EDSA,plus_30,1.2,EDSA_ZONE_05,03,3.312
EDSA,plus_30,1.2,EDSA_ZONE_05,04,15.406
EDSA,plus_30,1.2,EDSA_ZONE_05,05,29.074
EDSA,plus_30,1.2,EDSA_ZONE_05,06,53.749
EDSA,plus_30,1.2,EDSA_ZONE_05,07,80.936
EDSA,plus_30,1.2,EDSA_ZONE_05,08,68.58
EDSA,plus_30,1.2,EDSA_ZONE_05,09,76.054
EDSA,plus_30,1.2,EDSA_ZONE_05,10,50.472
EDSA,plus_30,1.2,EDSA_ZONE_05,11,58.676
EDSA,plus_30,1.2,EDSA_ZONE_05,12,47.367
EDSA,plus_30,1.2,EDSA_ZONE_05,13,26.591
EDSA,plus_30,1.2,EDSA_ZONE_05,14,44.991
EDSA,plus_30,1.2,EDSA_ZONE_05,15,31.644
EDSA,plus_30,1.2,EDSA_ZONE_05,16,26.305
EDSA,plus_30,1.2,EDSA_ZONE_05,17,28.144
EDSA,plus_30,1.2,EDSA_ZONE_05,18,24.706
EDSA,plus_30,1.2,EDSA_ZONE_05,19,21.347
EDSA,plus_30,1.2,EDSA_ZONE_05,20,18.034
EDSA,plus_30,1.2,EDSA_ZONE_05,21,16.238
EDSA,plus_30,1.2,EDSA_ZONE_05,22,16.356
EDSA,plus_30,1.2,EDSA_ZONE_05,23,14.313
EDSA,plus_30,1.2,EDSA_ZONE_05,UNKNOWN_TIME,5.217
EDSA,plus_30,1.2,EDSA_ZONE_06,00,11.92
EDSA,plus_30,1.2,EDSA_ZONE_06,01,4.225
EDSA,plus_30,1.2,EDSA_ZONE_06,02,5.219
EDSA,plus_30,1.2,EDSA_ZONE_06,03,2.538
EDSA,plus_30,1.2,EDSA_ZONE_06,04,18.855
EDSA,plus_30,1.2,EDSA_ZONE_06,05,26.461
EDSA,plus_30,1.2,EDSA_ZONE_06,06,50.836
EDSA,plus_30,1.2,EDSA_ZONE_06,07,49.817
EDSA,plus_30,1.2,EDSA_ZONE_06,08,49.658
EDSA,plus_30,1.2,EDSA_ZONE_06,09,42.914
EDSA,plus_30,1.2,EDSA_ZONE_06,10,43.993
EDSA,plus_30,1.2,EDSA_ZONE_06,11,37.903
EDSA,plus_30,1.2,EDSA_ZONE_06,12,39.265
EDSA,plus_30,1.2,EDSA_ZONE_06,13,21.577
EDSA,plus_30,1.2,EDSA_ZONE_06,14,28.843
EDSA,plus_30,1.2,EDSA_ZONE_06,15,51.161
EDSA,plus_30,1.2,EDSA_ZONE_06,16,46.597
EDSA,plus_30,1.2,EDSA_ZONE_06,17,33.299
EDSA,plus_30,1.2,EDSA_ZONE_06,18,42.999
EDSA,plus_30,1.2,EDSA_ZONE_06,19,47.253
EDSA,plus_30,1.2,EDSA_ZONE_06,20,32.464
EDSA,plus_30,1.2,EDSA_ZONE_06,21,16.116
EDSA,plus_30,1.2,EDSA_ZONE_06,22,37.667
EDSA,plus_30,1.2,EDSA_ZONE_06,23,27.399
EDSA,plus_30,1.2,EDSA_ZONE_06,UNKNOWN_TIME,4.972
C5,baseline,0.8,C5_ZONE_01,00,1.652
C5,baseline,0.8,C5_ZONE_01,01,1.6
C5,baseline,0.8,C5_ZONE_01,02,0.804
C5,baseline,0.8,C5_ZONE_01,05,6.476
C5,baseline,0.8,C5_ZONE_01,06,14.492
C5,baseline,0.8,C5_ZONE_01,07,15.675
C5,baseline,0.8,C5_ZONE_01,08,25.707
C5,baseline,0.8,C5_ZONE_01,09,16.778
C5,baseline,0.8,C5_ZONE_01,10,8.929
C5,baseline,0.8,C5_ZONE_01,11,16.048
C5,baseline,0.8,C5_ZONE_01,12,16.997
C5,baseline,0.8,C5_ZONE_01,13,8.722
C5,baseline,0.8,C5_ZONE_01,14,5.604
C5,baseline,0.8,C5_ZONE_01,15,15.844
C5,baseline,0.8,C5_ZONE_01,16,12.748
C5,baseline,0.8,C5_ZONE_01,17,8.894
C5,baseline,0.8,C5_ZONE_01,18,9.692
C5,baseline,0.8,C5_ZONE_01,19,7.102
C5,baseline,0.8,C5_ZONE_01,20,17.694
C5,baseline,0.8,C5_ZONE_01,21,6.517
C5,baseline,0.8,C5_ZONE_01,22,2.4
C5,baseline,0.8,C5_ZONE_01,23,2.402
C5,baseline,0.8,C5_ZONE_01,UNKNOWN_TIME,1.672
C5,baseline,0.8,C5_ZONE_02,00,1.6
C5,baseline,0.8,C5_ZONE_02,02,0.82
C5,baseline,0.8,C5_ZONE_02,03,1.606
C5,baseline,0.8,C5_ZONE_02,04,0.813
C5,baseline,0.8,C5_ZONE_02,06,5.676
C5,baseline,0.8,C5_ZONE_02,07,26.516
C5,baseline,0.8,C5_ZONE_02,08,25.649
C5,baseline,0.8,C5_ZONE_02,09,12.525
C5,baseline,0.8,C5_ZONE_02,10,17.115
C5,baseline,0.8,C5_ZONE_02,11,18.599
C5,baseline,0.8,C5_ZONE_02,12,9.558
C5,baseline,0.8,C5_ZONE_02,13,14.279
C5,baseline,0.8,C5_ZONE_02,14,10.489
C5,baseline,0.8,C5_ZONE_02,15,16.103
C5,baseline,0.8,C5_ZONE_02,16,18.492
C5,baseline,0.8,C5_ZONE_02,17,9.637
C5,baseline,0.8,C5_ZONE_02,18,7.998
C5,baseline,0.8,C5_ZONE_02,19,8.738
C5,baseline,0.8,C5_ZONE_02,20,6.424
C5,baseline,0.8,C5_ZONE_02,21,7.113
C5,baseline,0.8,C5_ZONE_02,22,3.238
C5,baseline,0.8,C5_ZONE_02,23,1.581
C5,baseline,0.8,C5_ZONE_03,00,2.358
C5,baseline,0.8,C5_ZONE_03,01,1.537
C5,baseline,0.8,C5_ZONE_03,02,0.844
C5,baseline,0.8,C5_ZONE_03,03,0.861
C5,baseline,0.8,C5_ZONE_03,04,1.631
C5,baseline,0.8,C5_ZONE_03,05,3.18
C5,baseline,0.8,C5_ZONE_03,06,7.887
C5,baseline,0.8,C5_ZONE_03,07,17.881
C5,baseline,0.8,C5_ZONE_03,08,21.621
C5,baseline,0.8,C5_ZONE_03,09,11.325
C5,baseline,0.8,C5_ZONE_03,10,17.485
C5,baseline,0.8,C5_ZONE_03,11,21.409
C5,baseline,0.8,C5_ZONE_03,12,18.388
C5,baseline,0.8,C5_ZONE_03,13,11.109
C5,baseline,0.8,C5_ZONE_03,14,16.826
C5,baseline,0.8,C5_ZONE_03,15,16.818
C5,baseline,0.8,C5_ZONE_03,16,16.824
C5,baseline,0.8,C5_ZONE_03,17,7.236
C5,baseline,0.8,C5_ZONE_03,18,7.204
C5,baseline,0.8,C5_ZONE_03,19,6.387
C5,baseline,0.8,C5_ZONE_03,20,4.058
C5,baseline,0.8,C5_ZONE_03,21,4.772
C5,baseline,0.8,C5_ZONE_03,22,2.432
C5,baseline,0.8,C5_ZONE_03,23,3.168
C5,baseline,0.8,C5_ZONE_03,UNKNOWN_TIME,0.784
C5,baseline,0.8,C5_ZONE_04,00,0.858
C5,baseline,0.8,C5_ZONE_04,02,0.767
C5,baseline,0.8,C5_ZONE_04,03,1.632
C5,baseline,0.8,C5_ZONE_04,04,2.361
C5,baseline,0.8,C5_ZONE_04,05,2.326
C5,baseline,0.8,C5_ZONE_04,06,8.87
C5,baseline,0.8,C5_ZONE_04,07,16.769
C5,baseline,0.8,C5_ZONE_04,08,14.488
C5,baseline,0.8,C5_ZONE_04,09,14.66
C5,baseline,0.8,C5_ZONE_04,10,12.184
C5,baseline,0.8,C5_ZONE_04,11,15.986
C5,baseline,0.8,C5_ZONE_04,12,11.143
C5,baseline,0.8,C5_ZONE_04,13,5.635
C5,baseline,0.8,C5_ZONE_04,14,12.092
C5,baseline,0.8,C5_ZONE_04,15,27.888
C5,baseline,0.8,C5_ZONE_04,16,13.655
C5,baseline,0.8,C5_ZONE_04,17,14.53
C5,baseline,0.8,C5_ZONE_04,18,7.878
C5,baseline,0.8,C5_ZONE_04,19,8.742
C5,baseline,0.8,C5_ZONE_04,20,7.13
C5,baseline,0.8,C5_ZONE_04,21,11.273
C5,baseline,0.8,C5_ZONE_04,22,2.349
C5,baseline,0.8,C5_ZONE_04,23,8.605
C5,baseline,0.8,C5_ZONE_04,UNKNOWN_TIME,2.494
C5,baseline,0.8,C5_ZONE_05,00,1.674
C5,baseline,0.8,C5_ZONE_05,01,0.828
C5,baseline,0.8,C5_ZONE_05,02,3.985
C5,baseline,0.8,C5_ZONE_05,04,2.479
C5,baseline,0.8,C5_ZONE_05,05,3.233
C5,baseline,0.8,C5_ZONE_05,06,9.677
C5,baseline,0.8,C5_ZONE_05,07,10.505
C5,baseline,0.8,C5_ZONE_05,08,14.249
C5,baseline,0.8,C5_ZONE_05,09,17.523
C5,baseline,0.8,C5_ZONE_05,10,7.926
C5,baseline,0.8,C5_ZONE_05,11,18.419
C5,baseline,0.8,C5_ZONE_05,12,10.319
C5,baseline,0.8,C5_ZONE_05,13,5.676
C5,baseline,0.8,C5_ZONE_05,14,11.121
C5,baseline,0.8,C5_ZONE_05,15,23.883
C5,baseline,0.8,C5_ZONE_05,16,23.252
C5,baseline,0.8,C5_ZONE_05,17,10.531
C5,baseline,0.8,C5_ZONE_05,18,10.436
C5,baseline,0.8,C5_ZONE_05,19,8.914
C5,baseline,0.8,C5_ZONE_05,20,11.1
C5,baseline,0.8,C5_ZONE_05,21,11.205
C5,baseline,0.8,C5_ZONE_05,22,2.321
C5,baseline,0.8,C5_ZONE_05,23,2.4
C5,baseline,0.8,C5_ZONE_05,UNKNOWN_TIME,2.471
C5,baseline,0.8,C5_ZONE_06,06,1.623
C5,baseline,0.8,C5_ZONE_06,07,4.052
C5,baseline,0.8,C5_ZONE_06,08,1.586
C5,baseline,0.8,C5_ZONE_06,09,7.234
C5,baseline,0.8,C5_ZONE_06,10,4.901
C5,baseline,0.8,C5_ZONE_06,11,9.653
C5,baseline,0.8,C5_ZONE_06,12,4.027
C5,baseline,0.8,C5_ZONE_06,13,3.221
C5,baseline,0.8,C5_ZONE_06,14,31.815
C5,baseline,0.8,C5_ZONE_06,15,42.566
C5,baseline,0.8,C5_ZONE_06,16,37.736
C5,baseline,0.8,C5_ZONE_06,17,17.567
C5,baseline,0.8,C5_ZONE_06,18,17.725
C5,baseline,0.8,C5_ZONE_06,19,14.447
C5,baseline,0.8,C5_ZONE_06,20,13.571
C5,baseline,0.8,C5_ZONE_06,21,8.702
C5,baseline,0.8,C5_ZONE_06,22,0.819
C5,baseline,0.8,C5_ZONE_06,23,0.81
C5,baseline,0.8,C5_ZONE_06,UNKNOWN_TIME,2.435
C5,plus_10,0.8,C5_ZONE_01,00,1.701
C5,plus_10,0.8,C5_ZONE_01,01,1.734
C5,plus_10,0.8,C5_ZONE_01,02,0.847
C5,plus_10,0.8,C5_ZONE_01,05,6.891
C5,plus_10,0.8,C5_ZONE_01,06,15.511
C5,plus_10,0.8,C5_ZONE_01,07,17.143
C5,plus_10,0.8,C5_ZONE_01,08,27.426
C5,plus_10,0.8,C5_ZONE_01,09,17.943
C5,plus_10,0.8,C5_ZONE_01,10,9.637
C5,plus_10,0.8,C5_ZONE_01,11,17.154
C5,plus_10,0.8,C5_ZONE_01,12,18.12
C5,plus_10,0.8,C5_ZONE_01,13,9.329
C5,plus_10,0.8,C5_ZONE_01,14,6.025
C5,plus_10,0.8,C5_ZONE_01,15,17.21
C5,plus_10,0.8,C5_ZONE_01,16,13.781
C5,plus_10,0.8,C5_ZONE_01,17,9.23
C5,plus_10,0.8,C5_ZONE_01,18,10.222
C5,plus_10,0.8,C5_ZONE_01,19,7.823
C5,plus_10,0.8,C5_ZONE_01,20,18.864
C5,plus_10,0.8,C5_ZONE_01,21,6.811
C5,plus_10,0.8,C5_ZONE_01,22,2.617
C5,plus_10,0.8,C5_ZONE_01,23,2.596
C5,plus_10,0.8,C5_ZONE_01,UNKNOWN_TIME,1.763
C5,plus_10,0.8,C5_ZONE_02,00,1.809
C5,plus_10,0.8,C5_ZONE_02,02,0.836
C5,plus_10,0.8,C5_ZONE_02,03,1.802
C5,plus_10,0.8,C5_ZONE_02,04,0.882
C5,plus_10,0.8,C5_ZONE_02,06,6.07
C5,plus_10,0.8,C5_ZONE_02,07,28.198
C5,plus_10,0.8,C5_ZONE_02,08,27.214
C5,plus_10,0.8,C5_ZONE_02,09,14.129
C5,plus_10,0.8,C5_ZONE_02,10,17.962
C5,plus_10,0.8,C5_ZONE_02,11,19.707
C5,plus_10,0.8,C5_ZONE_02,12,10.495
C5,plus_10,0.8,C5_ZONE_02,13,15.374
C5,plus_10,0.8,C5_ZONE_02,14,11.045
C5,plus_10,0.8,C5_ZONE_02,15,17.123
C5,plus_10,0.8,C5_ZONE_02,16,19.605
C5,plus_10,0.8,C5_ZONE_02,17,10.348
C5,plus_10,0.8,C5_ZONE_02,18,8.429
C5,plus_10,0.8,C5_ZONE_02,19,9.541
C5,plus_10,0.8,C5_ZONE_02,20,6.837
C5,plus_10,0.8,C5_ZONE_02,21,7.814
C5,plus_10,0.8,C5_ZONE_02,22,3.412
C5,plus_10,0.8,C5_ZONE_02,23,1.723
C5,plus_10,0.8,C5_ZONE_03,00,2.594
C5,plus_10,0.8,C5_ZONE_03,01,1.679
C5,plus_10,0.8,C5_ZONE_03,02,0.847
C5,plus_10,0.8,C5_ZONE_03,03,0.87
C5,plus_10,0.8,C5_ZONE_03,04,1.672
C5,plus_10,0.8,C5_ZONE_03,05,3.374
C5,plus_10,0.8,C5_ZONE_03,06,8.563
C5,plus_10,0.8,C5_ZONE_03,07,18.827
C5,plus_10,0.8,C5_ZONE_03,08,23.2
C5,plus_10,0.8,C5_ZONE_03,09,11.883
C5,plus_10,0.8,C5_ZONE_03,10,18.721
C5,plus_10,0.8,C5_ZONE_03,11,23.135
C5,plus_10,0.8,C5_ZONE_03,12,19.743
C5,plus_10,0.8,C5_ZONE_03,13,12.076
C5,plus_10,0.8,C5_ZONE_03,14,17.953
C5,plus_10,0.8,C5_ZONE_03,15,17.77
C5,plus_10,0.8,C5_ZONE_03,16,17.966
C5,plus_10,0.8,C5_ZONE_03,17,7.607
C5,plus_10,0.8,C5_ZONE_03,18,7.72
C5,plus_10,0.8,C5_ZONE_03,19,6.794
C5,plus_10,0.8,C5_ZONE_03,20,4.191
C5,plus_10,0.8,C5_ZONE_03,21,5.183
C5,plus_10,0.8,C5_ZONE_03,22,2.528
C5,plus_10,0.8,C5_ZONE_03,23,3.346
C5,plus_10,0.8,C5_ZONE_03,UNKNOWN_TIME,0.832
C5,plus_10,0.8,C5_ZONE_04,00,0.889
C5,plus_10,0.8,C5_ZONE_04,02,0.883
C5,plus_10,0.8,C5_ZONE_04,03,1.754
C5,plus_10,0.8,C5_ZONE_04,04,2.671
C5,plus_10,0.8,C5_ZONE_04,05,2.584
C5,plus_10,0.8,C5_ZONE_04,06,9.42
C5,plus_10,0.8,C5_ZONE_04,07,17.971
C5,plus_10,0.8,C5_ZONE_04,08,15.36
C5,plus_10,0.8,C5_ZONE_04,09,15.62
C5,plus_10,0.8,C5_ZONE_04,10,13.061
C5,plus_10,0.8,C5_ZONE_04,11,17.112
C5,plus_10,0.8,C5_ZONE_04,12,12.116
C5,plus_10,0.8,C5_ZONE_04,13,5.969
C5,plus_10,0.8,C5_ZONE_04,14,12.822
C5,plus_10,0.8,C5_ZONE_04,15,29.881
C5,plus_10,0.8,C5_ZONE_04,16,14.691
C5,plus_10,0.8,C5_ZONE_04,17,15.551
C5,plus_10,0.8,C5_ZONE_04,18,8.691
C5,plus_10,0.8,C5_ZONE_04,19,9.625
C5,plus_10,0.8,C5_ZONE_04,20,7.753
C5,plus_10,0.8,C5_ZONE_04,21,12.299
C5,plus_10,0.8,C5_ZONE_04,22,2.64
C5,plus_10,0.8,C5_ZONE_04,23,9.531
C5,plus_10,0.8,C5_ZONE_04,UNKNOWN_TIME,2.554
C5,plus_10,0.8,C5_ZONE_05,00,1.638
C5,plus_10,0.8,C5_ZONE_05,01,0.836
C5,plus_10,0.8,C5_ZONE_05,02,4.248
C5,plus_10,0.8,C5_ZONE_05,04,2.647
C5,plus_10,0.8,C5_ZONE_05,05,3.494
C5,plus_10,0.8,C5_ZONE_05,06,10.322
C5,plus_10,0.8,C5_ZONE_05,07,11.024
C5,plus_10,0.8,C5_ZONE_05,08,15.626
C5,plus_10,0.8,C5_ZONE_05,09,18.712
C5,plus_10,0.8,C5_ZONE_05,10,8.51
C5,plus_10,0.8,C5_ZONE_05,11,19.729
C5,plus_10,0.8,C5_ZONE_05,12,11.157
C5,plus_10,0.8,C5_ZONE_05,13,6.171
C5,plus_10,0.8,C5_ZONE_05,14,12.194
C5,plus_10,0.8,C5_ZONE_05,15,25.997
C5,plus_10,0.8,C5_ZONE_05,16,24.973
C5,plus_10,0.8,C5_ZONE_05,17,11.275
C5,plus_10,0.8,C5_ZONE_05,18,11.241
C5,plus_10,0.8,C5_ZONE_05,19,9.38
C5,plus_10,0.8,C5_ZONE_05,20,11.979
C5,plus_10,0.8,C5_ZONE_05,21,12.064
C5,plus_10,0.8,C5_ZONE_05,22,2.564
C5,plus_10,0.8,C5_ZONE_05,23,2.603
C5,plus_10,0.8,C5_ZONE_05,UNKNOWN_TIME,2.523
C5,plus_10,0.8,C5_ZONE_06,06,1.733
C5,plus_10,0.8,C5_ZONE_06,07,4.317
C5,plus_10,0.8,C5_ZONE_06,08,1.763
C5,plus_10,0.8,C5_ZONE_06,09,7.65
C5,plus_10,0.8,C5_ZONE_06,10,5.106
C5,plus_10,0.8,C5_ZONE_06,11,10.156
C5,plus_10,0.8,C5_ZONE_06,12,4.242
C5,plus_10,0.8,C5_ZONE_06,13,3.498
C5,plus_10,0.8,C5_ZONE_06,14,34.359
C5,plus_10,0.8,C5_ZONE_06,15,45.381
C5,plus_10,0.8,C5_ZONE_06,16,40.458
C5,plus_10,0.8,C5_ZONE_06,17,19.033
C5,plus_10,0.8,C5_ZONE_06,18,18.835
C5,plus_10,0.8,C5_ZONE_06,19,15.361
C5,plus_10,0.8,C5_ZONE_06,20,14.447
C5,plus_10,0.8,C5_ZONE_06,21,9.493
C5,plus_10,0.8,C5_ZONE_06,22,0.825
C5,plus_10,0.8,C5_ZONE_06,23,0.845
C5,plus_10,0.8,C5_ZONE_06,UNKNOWN_TIME,2.583
C5,plus_20,0.8,C5_ZONE_01,00,1.879
C5,plus_20,0.8,C5_ZONE_01,01,1.862
C5,plus_20,0.8,C5_ZONE_01,02,0.956
C5,plus_20,0.8,C5_ZONE_01,05,7.441
C5,plus_20,0.8,C5_ZONE_01,06,16.735
C5,plus_20,0.8,C5_ZONE_01,07,18.734
C5,plus_20,0.8,C5_ZONE_01,08,29.216
C5,plus_20,0.8,C5_ZONE_01,09,19.234
C5,plus_20,0.8,C5_ZONE_01,10,10.127
C5,plus_20,0.8,C5_ZONE_01,11,18.182
C5,plus_20,0.8,C5_ZONE_01,12,19.244
C5,plus_20,0.8,C5_ZONE_01,13,9.94
C5,plus_20,0.8,C5_ZONE_01,14,6.361
C5,plus_20,0.8,C5_ZONE_01,15,18.156
C5,plus_20,0.8,C5_ZONE_01,16,14.489
C5,plus_20,0.8,C5_ZONE_01,17,9.948
C5,plus_20,0.8,C5_ZONE_01,18,11.073
C5,plus_20,0.8,C5_ZONE_01,19,8.103
C5,plus_20,0.8,C5_ZONE_01,20,20.225
C5,plus_20,0.8,C5_ZONE_01,21,7.362
C5,plus_20,0.8,C5_ZONE_01,22,2.764
C5,plus_20,0.8,C5_ZONE_01,23,2.784
C5,plus_20,0.8,C5_ZONE_01,UNKNOWN_TIME,1.788
C5,plus_20,0.8,C5_ZONE_02,00,1.833
C5,plus_20,0.8,C5_ZONE_02,02,0.927
C5,plus_20,0.8,C5_ZONE_02,03,1.826
C5,plus_20,0.8,C5_ZONE_02,04,0.946
C5,plus_20,0.8,C5_ZONE_02,06,6.433
C5,plus_20,0.8,C5_ZONE_02,07,29.883
C5,plus_20,0.8,C5_ZONE_02,08,29.284
C5,plus_20,0.8,C5_ZONE_02,09,14.504
C5,plus_20,0.8,C5_ZONE_02,10,19.016
C5,plus_20,0.8,C5_ZONE_02,11,20.88
C5,plus_20,0.8,C5_ZONE_02,12,11.024
C5,plus_20,0.8,C5_ZONE_02,13,16.439
C5,plus_20,0.8,C5_ZONE_02,14,11.7
C5,plus_20,0.8,C5_ZONE_02,15,18.246
C5,plus_20,0.8,C5_ZONE_02,16,21.351
C5,plus_20,0.8,C5_ZONE_02,17,11.179
C5,plus_20,0.8,C5_ZONE_02,18,9.098
C5,plus_20,0.8,C5_ZONE_02,19,10.132
C5,plus_20,0.8,C5_ZONE_02,20,7.468
C5,plus_20,0.8,C5_ZONE_02,21,8.218
C5,plus_20,0.8,C5_ZONE_02,22,3.752
C5,plus_20,0.8,C5_ZONE_02,23,1.795
C5,plus_20,0.8,C5_ZONE_03,00,2.723
C5,plus_20,0.8,C5_ZONE_03,01,1.836
C5,plus_20,0.8,C5_ZONE_03,02,0.912
C5,plus_20,0.8,C5_ZONE_03,03,0.907
C5,plus_20,0.8,C5_ZONE_03,04,1.768
C5,plus_20,0.8,C5_ZONE_03,05,3.766
C5,plus_20,0.8,C5_ZONE_03,06,9.213
C5,plus_20,0.8,C5_ZONE_03,07,20.19
C5,plus_20,0.8,C5_ZONE_03,08,24.88
C5,plus_20,0.8,C5_ZONE_03,09,13.056
C5,plus_20,0.8,C5_ZONE_03,10,20.112
C5,plus_20,0.8,C5_ZONE_03,11,24.936
C5,plus_20,0.8,C5_ZONE_03,12,21.128
C5,plus_20,0.8,C5_ZONE_03,13,12.748
C5,plus_20,0.8,C5_ZONE_03,14,19.071
C5,plus_20,0.8,C5_ZONE_03,15,19.173
C5,plus_20,0.8,C5_ZONE_03,16,19.361
C5,plus_20,0.8,C5_ZONE_03,17,8.378
C5,plus_20,0.8,C5_ZONE_03,18,8.307
C5,plus_20,0.8,C5_ZONE_03,19,7.3
C5,plus_20,0.8,C5_ZONE_03,20,4.547
C5,plus_20,0.8,C5_ZONE_03,21,5.568
C5,plus_20,0.8,C5_ZONE_03,22,2.741
C5,plus_20,0.8,C5_ZONE_03,23,3.616
C5,plus_20,0.8,C5_ZONE_03,UNKNOWN_TIME,0.939
C5,plus_20,0.8,C5_ZONE_04,00,0.893
C5,plus_20,0.8,C5_ZONE_04,02,0.895
C5,plus_20,0.8,C5_ZONE_04,03,1.766
C5,plus_20,0.8,C5_ZONE_04,04,2.807
C5,plus_20,0.8,C5_ZONE_04,05,2.778
C5,plus_20,0.8,C5_ZONE_04,06,9.934
C5,plus_20,0.8,C5_ZONE_04,07,19.248
C5,plus_20,0.8,C5_ZONE_04,08,16.589
C5,plus_20,0.8,C5_ZONE_04,09,16.539
C5,plus_20,0.8,C5_ZONE_04,10,13.84
C5,plus_20,0.8,C5_ZONE_04,11,18.454
C5,plus_20,0.8,C5_ZONE_04,12,12.858
C5,plus_20,0.8,C5_ZONE_04,13,6.474
C5,plus_20,0.8,C5_ZONE_04,14,13.701
C5,plus_20,0.8,C5_ZONE_04,15,31.9
C5,plus_20,0.8,C5_ZONE_04,16,15.759
C5,plus_20,0.8,C5_ZONE_04,17,16.678
C5,plus_20,0.8,C5_ZONE_04,18,9.09
C5,plus_20,0.8,C5_ZONE_04,19,9.933
C5,plus_20,0.8,C5_ZONE_04,20,8.193
C5,plus_20,0.8,C5_ZONE_04,21,12.63
C5,plus_20,0.8,C5_ZONE_04,22,2.744
C5,plus_20,0.8,C5_ZONE_04,23,10.036
C5,plus_20,0.8,C5_ZONE_04,UNKNOWN_TIME,2.767
C5,plus_20,0.8,C5_ZONE_05,00,1.813
C5,plus_20,0.8,C5_ZONE_05,01,0.919
C5,plus_20,0.8,C5_ZONE_05,02,4.587
C5,plus_20,0.8,C5_ZONE_05,04,2.722
C5,plus_20,0.8,C5_ZONE_05,05,3.698
C5,plus_20,0.8,C5_ZONE_05,06,11.219
C5,plus_20,0.8,C5_ZONE_05,07,11.951
C5,plus_20,0.8,C5_ZONE_05,08,16.255
C5,plus_20,0.8,C5_ZONE_05,09,19.91
C5,plus_20,0.8,C5_ZONE_05,10,9.198
C5,plus_20,0.8,C5_ZONE_05,11,21.156
C5,plus_20,0.8,C5_ZONE_05,12,12.048
C5,plus_20,0.8,C5_ZONE_05,13,6.482
C5,plus_20,0.8,C5_ZONE_05,14,12.965
C5,plus_20,0.8,C5_ZONE_05,15,27.337
C5,plus_20,0.8,C5_ZONE_05,16,26.74
C5,plus_20,0.8,C5_ZONE_05,17,12.028
C5,plus_20,0.8,C5_ZONE_05,18,12.064
C5,plus_20,0.8,C5_ZONE_05,19,10.194
C5,plus_20,0.8,C5_ZONE_05,20,12.802
C5,plus_20,0.8,C5_ZONE_05,21,12.817
C5,plus_20,0.8,C5_ZONE_05,22,2.743
C5,plus_20,0.8,C5_ZONE_05,23,2.746
C5,plus_20,0.8,C5_ZONE_05,UNKNOWN_TIME,2.762
C5,plus_20,0.8,C5_ZONE_06,06,1.786
C5,plus_20,0.8,C5_ZONE_06,07,4.563
C5,plus_20,0.8,C5_ZONE_06,08,1.835
C5,plus_20,0.8,C5_ZONE_06,09,8.227
C5,plus_20,0.8,C5_ZONE_06,10,5.404
C5,plus_20,0.8,C5_ZONE_06,11,10.871
C5,plus_20,0.8,C5_ZONE_06,12,4.68
C5,plus_20,0.8,C5_ZONE_06,13,3.728
C5,plus_20,0.8,C5_ZONE_06,14,36.409
C5,plus_20,0.8,C5_ZONE_06,15,48.532
C5,plus_20,0.8,C5_ZONE_06,16,42.945
C5,plus_20,0.8,C5_ZONE_06,17,20.056
C5,plus_20,0.8,C5_ZONE_06,18,20.075
C5,plus_20,0.8,C5_ZONE_06,19,16.35
C5,plus_20,0.8,C5_ZONE_06,20,15.496
C5,plus_20,0.8,C5_ZONE_06,21,10.235
C5,plus_20,0.8,C5_ZONE_06,22,0.907
C5,plus_20,0.8,C5_ZONE_06,23,0.885
C5,plus_20,0.8,C5_ZONE_06,UNKNOWN_TIME,2.755
C5,plus_30,0.8,C5_ZONE_01,00,2.011
C5,plus_30,0.8,C5_ZONE_01,01,1.97
C5,plus_30,0.8,C5_ZONE_01,02,0.981
C5,plus_30,0.8,C5_ZONE_01,05,8.004
C5,plus_30,0.8,C5_ZONE_01,06,17.954
C5,plus_30,0.8,C5_ZONE_01,07,20.087
C5,plus_30,0.8,C5_ZONE_01,08,31.588
C5,plus_30,0.8,C5_ZONE_01,09,20.507
C5,plus_30,0.8,C5_ZONE_01,10,10.794
C5,plus_30,0.8,C5_ZONE_01,11,19.711
C5,plus_30,0.8,C5_ZONE_01,12,20.659
C5,plus_30,0.8,C5_ZONE_01,13,11.067
C5,plus_30,0.8,C5_ZONE_01,14,6.918
C5,plus_30,0.8,C5_ZONE_01,15,19.921
C5,plus_30,0.8,C5_ZONE_01,16,15.934
C5,plus_30,0.8,C5_ZONE_01,17,10.915
C5,plus_30,0.8,C5_ZONE_01,18,11.966
C5,plus_30,0.8,C5_ZONE_01,19,8.896
C5,plus_30,0.8,C5_ZONE_01,20,21.499
C5,plus_30,0.8,C5_ZONE_01,21,7.938
C5,plus_30,0.8,C5_ZONE_01,22,2.978
C5,plus_30,0.8,C5_ZONE_01,23,2.972
C5,plus_30,0.8,C5_ZONE_01,UNKNOWN_TIME,1.98
C5,plus_30,0.8,C5_ZONE_02,00,2.04
C5,plus_30,0.8,C5_ZONE_02,02,0.962
C5,plus_30,0.8,C5_ZONE_02,03,2.008
C5,plus_30,0.8,C5_ZONE_02,04,0.927
C5,plus_30,0.8,C5_ZONE_02,06,6.889
C5,plus_30,0.8,C5_ZONE_02,07,32.659
C5,plus_30,0.8,C5_ZONE_02,08,31.443
C5,plus_30,0.8,C5_ZONE_02,09,15.879
C5,plus_30,0.8,C5_ZONE_02,10,20.845
C5,plus_30,0.8,C5_ZONE_02,11,22.701
C5,plus_30,0.8,C5_ZONE_02,12,11.763
C5,plus_30,0.8,C5_ZONE_02,13,17.686
C5,plus_30,0.8,C5_ZONE_02,14,12.53
C5,plus_30,0.8,C5_ZONE_02,15,20.11
C5,plus_30,0.8,C5_ZONE_02,16,22.606
C5,plus_30,0.8,C5_ZONE_02,17,11.946
C5,plus_30,0.8,C5_ZONE_02,18,9.896
C5,plus_30,0.8,C5_ZONE_02,19,10.945
C5,plus_30,0.8,C5_ZONE_02,20,7.945
C5,plus_30,0.8,C5_ZONE_02,21,9.159
C5,plus_30,0.8,C5_ZONE_02,22,3.976
C5,plus_30,0.8,C5_ZONE_02,23,1.975
C5,plus_30,0.8,C5_ZONE_03,00,2.92
C5,plus_30,0.8,C5_ZONE_03,01,1.965
C5,plus_30,0.8,C5_ZONE_03,02,0.979
C5,plus_30,0.8,C5_ZONE_03,03,1.011
C5,plus_30,0.8,C5_ZONE_03,04,1.952
C5,plus_30,0.8,C5_ZONE_03,05,4.045
C5,plus_30,0.8,C5_ZONE_03,06,9.825
C5,plus_30,0.8,C5_ZONE_03,07,21.764
C5,plus_30,0.8,C5_ZONE_03,08,26.63
C5,plus_30,0.8,C5_ZONE_03,09,13.6
C5,plus_30,0.8,C5_ZONE_03,10,21.427
C5,plus_30,0.8,C5_ZONE_03,11,27.006
C5,plus_30,0.8,C5_ZONE_03,12,22.82
C5,plus_30,0.8,C5_ZONE_03,13,13.839
C5,plus_30,0.8,C5_ZONE_03,14,20.839
C5,plus_30,0.8,C5_ZONE_03,15,20.811
C5,plus_30,0.8,C5_ZONE_03,16,20.685
C5,plus_30,0.8,C5_ZONE_03,17,9.032
C5,plus_30,0.8,C5_ZONE_03,18,8.943
C5,plus_30,0.8,C5_ZONE_03,19,7.911
C5,plus_30,0.8,C5_ZONE_03,20,5.045
C5,plus_30,0.8,C5_ZONE_03,21,5.973
C5,plus_30,0.8,C5_ZONE_03,22,2.955
C5,plus_30,0.8,C5_ZONE_03,23,4.037
C5,plus_30,0.8,C5_ZONE_03,UNKNOWN_TIME,0.994
C5,plus_30,0.8,C5_ZONE_04,00,1.006
C5,plus_30,0.8,C5_ZONE_04,02,0.964
C5,plus_30,0.8,C5_ZONE_04,03,2.003
C5,plus_30,0.8,C5_ZONE_04,04,2.962
C5,plus_30,0.8,C5_ZONE_04,05,2.964
C5,plus_30,0.8,C5_ZONE_04,06,10.937
C5,plus_30,0.8,C5_ZONE_04,07,20.953
C5,plus_30,0.8,C5_ZONE_04,08,17.885
C5,plus_30,0.8,C5_ZONE_04,09,17.897
C5,plus_30,0.8,C5_ZONE_04,10,14.588
C5,plus_30,0.8,C5_ZONE_04,11,19.662
C5,plus_30,0.8,C5_ZONE_04,12,13.878
C5,plus_30,0.8,C5_ZONE_04,13,6.993
C5,plus_30,0.8,C5_ZONE_04,14,14.787
C5,plus_30,0.8,C5_ZONE_04,15,34.774
C5,plus_30,0.8,C5_ZONE_04,16,16.559
C5,plus_30,0.8,C5_ZONE_04,17,17.759
C5,plus_30,0.8,C5_ZONE_04,18,10.065
C5,plus_30,0.8,C5_ZONE_04,19,10.981
C5,plus_30,0.8,C5_ZONE_04,20,8.872
C5,plus_30,0.8,C5_ZONE_04,21,13.861
C5,plus_30,0.8,C5_ZONE_04,22,2.987
C5,plus_30,0.8,C5_ZONE_04,23,10.798
C5,plus_30,0.8,C5_ZONE_04,UNKNOWN_TIME,2.991
C5,plus_30,0.8,C5_ZONE_05,00,2.05
C5,plus_30,0.8,C5_ZONE_05,01,0.956
C5,plus_30,0.8,C5_ZONE_05,02,5.038
C5,plus_30,0.8,C5_ZONE_05,04,2.944
C5,plus_30,0.8,C5_ZONE_05,05,3.905
C5,plus_30,0.8,C5_ZONE_05,06,11.829
C5,plus_30,0.8,C5_ZONE_05,07,12.756
C5,plus_30,0.8,C5_ZONE_05,08,17.817
C5,plus_30,0.8,C5_ZONE_05,09,21.499
C5,plus_30,0.8,C5_ZONE_05,10,10.071
C5,plus_30,0.8,C5_ZONE_05,11,22.903
C5,plus_30,0.8,C5_ZONE_05,12,13.032
C5,plus_30,0.8,C5_ZONE_05,13,6.844
C5,plus_30,0.8,C5_ZONE_05,14,13.809
C5,plus_30,0.8,C5_ZONE_05,15,29.69
C5,plus_30,0.8,C5_ZONE_05,16,28.711
C5,plus_30,0.8,C5_ZONE_05,17,12.873
C5,plus_30,0.8,C5_ZONE_05,18,12.665
C5,plus_30,0.8,C5_ZONE_05,19,10.942
C5,plus_30,0.8,C5_ZONE_05,20,13.917
C5,plus_30,0.8,C5_ZONE_05,21,14.152
C5,plus_30,0.8,C5_ZONE_05,22,3.013
C5,plus_30,0.8,C5_ZONE_05,23,3.073
C5,plus_30,0.8,C5_ZONE_05,UNKNOWN_TIME,3.047
C5,plus_30,0.8,C5_ZONE_06,06,1.946
C5,plus_30,0.8,C5_ZONE_06,07,4.826
C5,plus_30,0.8,C5_ZONE_06,08,2.009
C5,plus_30,0.8,C5_ZONE_06,09,8.883
C5,plus_30,0.8,C5_ZONE_06,10,6.108
C5,plus_30,0.8,C5_ZONE_06,11,11.85
C5,plus_30,0.8,C5_ZONE_06,12,5.039
C5,plus_30,0.8,C5_ZONE_06,13,3.992
C5,plus_30,0.8,C5_ZONE_06,14,40.059
C5,plus_30,0.8,C5_ZONE_06,15,52.848
C5,plus_30,0.8,C5_ZONE_06,16,46.694
C5,plus_30,0.8,C5_ZONE_06,17,21.849
C5,plus_30,0.8,C5_ZONE_06,18,21.672
C5,plus_30,0.8,C5_ZONE_06,19,17.727
C5,plus_30,0.8,C5_ZONE_06,20,16.592
C5,plus_30,0.8,C5_ZONE_06,21,10.95
C5,plus_30,0.8,C5_ZONE_06,22,0.995
C5,plus_30,0.8,C5_ZONE_06,23,0.964
C5,plus_30,0.8,C5_ZONE_06,UNKNOWN_TIME,2.981
C5,baseline,1.0,C5_ZONE_01,00,1.622
C5,baseline,1.0,C5_ZONE_01,01,1.587
C5,baseline,1.0,C5_ZONE_01,02,0.805
C5,baseline,1.0,C5_ZONE_01,05,6.291
C5,baseline,1.0,C5_ZONE_01,06,14.555
C5,baseline,1.0,C5_ZONE_01,07,16.11
C5,baseline,1.0,C5_ZONE_01,08,25.994
C5,baseline,1.0,C5_ZONE_01,09,16.766
C5,baseline,1.0,C5_ZONE_01,10,9.018
C5,baseline,1.0,C5_ZONE_01,11,16.237
C5,baseline,1.0,C5_ZONE_01,12,16.68
C5,baseline,1.0,C5_ZONE_01,13,8.989
C5,baseline,1.0,C5_ZONE_01,14,5.777
C5,baseline,1.0,C5_ZONE_01,15,15.874
C5,baseline,1.0,C5_ZONE_01,16,13.033
C5,baseline,1.0,C5_ZONE_01,17,8.759
C5,baseline,1.0,C5_ZONE_01,18,9.675
C5,baseline,1.0,C5_ZONE_01,19,7.059
C5,baseline,1.0,C5_ZONE_01,20,17.848
C5,baseline,1.0,C5_ZONE_01,21,6.378
C5,baseline,1.0,C5_ZONE_01,22,2.473
C5,baseline,1.0,C5_ZONE_01,23,2.355
C5,baseline,1.0,C5_ZONE_01,UNKNOWN_TIME,1.636
C5,baseline,1.0,C5_ZONE_02,00,1.567
C5,baseline,1.0,C5_ZONE_02,02,0.829
C5,baseline,1.0,C5_ZONE_02,03,1.592
C5,baseline,1.0,C5_ZONE_02,04,0.771
C5,baseline,1.0,C5_ZONE_02,06,5.72
C5,baseline,1.0,C5_ZONE_02,07,26.576
C5,baseline,1.0,C5_ZONE_02,08,25.702
C5,baseline,1.0,C5_ZONE_02,09,12.944
C5,baseline,1.0,C5_ZONE_02,10,16.684
C5,baseline,1.0,C5_ZONE_02,11,18.424
C5,baseline,1.0,C5_ZONE_02,12,9.77
C5,baseline,1.0,C5_ZONE_02,13,14.404
C5,baseline,1.0,C5_ZONE_02,14,10.452
C5,baseline,1.0,C5_ZONE_02,15,15.996
C5,baseline,1.0,C5_ZONE_02,16,18.537
C5,baseline,1.0,C5_ZONE_02,17,9.643
C5,baseline,1.0,C5_ZONE_02,18,8.044
C5,baseline,1.0,C5_ZONE_02,19,8.837
C5,baseline,1.0,C5_ZONE_02,20,6.509
C5,baseline,1.0,C5_ZONE_02,21,7.209
C5,baseline,1.0,C5_ZONE_02,22,3.243
C5,baseline,1.0,C5_ZONE_02,23,1.647
C5,baseline,1.0,C5_ZONE_03,00,2.396
C5,baseline,1.0,C5_ZONE_03,01,1.669
C5,baseline,1.0,C5_ZONE_03,02,0.775
C5,baseline,1.0,C5_ZONE_03,03,0.836
C5,baseline,1.0,C5_ZONE_03,04,1.614
C5,baseline,1.0,C5_ZONE_03,05,3.23
C5,baseline,1.0,C5_ZONE_03,06,8.125
C5,baseline,1.0,C5_ZONE_03,07,17.655
C5,baseline,1.0,C5_ZONE_03,08,21.675
C5,baseline,1.0,C5_ZONE_03,09,11.353
C5,baseline,1.0,C5_ZONE_03,10,17.847
C5,baseline,1.0,C5_ZONE_03,11,21.574
C5,baseline,1.0,C5_ZONE_03,12,18.658
C5,baseline,1.0,C5_ZONE_03,13,11.264
C5,baseline,1.0,C5_ZONE_03,14,16.855
C5,baseline,1.0,C5_ZONE_03,15,17.003
C5,baseline,1.0,C5_ZONE_03,16,16.971
C5,baseline,1.0,C5_ZONE_03,17,7.144
C5,baseline,1.0,C5_ZONE_03,18,7.27
C5,baseline,1.0,C5_ZONE_03,19,6.509
C5,baseline,1.0,C5_ZONE_03,20,4.08
C5,baseline,1.0,C5_ZONE_03,21,4.749
C5,baseline,1.0,C5_ZONE_03,22,2.374
C5,baseline,1.0,C5_ZONE_03,23,3.155
C5,baseline,1.0,C5_ZONE_03,UNKNOWN_TIME,0.792
C5,baseline,1.0,C5_ZONE_04,00,0.776
C5,baseline,1.0,C5_ZONE_04,02,0.802
C5,baseline,1.0,C5_ZONE_04,03,1.574
C5,baseline,1.0,C5_ZONE_04,04,2.434
C5,baseline,1.0,C5_ZONE_04,05,2.35
C5,baseline,1.0,C5_ZONE_04,06,8.803
C5,baseline,1.0,C5_ZONE_04,07,16.755
C5,baseline,1.0,C5_ZONE_04,08,14.312
C5,baseline,1.0,C5_ZONE_04,09,14.415
C5,baseline,1.0,C5_ZONE_04,10,11.97
C5,baseline,1.0,C5_ZONE_04,11,16.185
C5,baseline,1.0,C5_ZONE_04,12,11.369
C5,baseline,1.0,C5_ZONE_04,13,5.576
C5,baseline,1.0,C5_ZONE_04,14,12.222
C5,baseline,1.0,C5_ZONE_04,15,28.208
C5,baseline,1.0,C5_ZONE_04,16,13.747
C5,baseline,1.0,C5_ZONE_04,17,14.617
C5,baseline,1.0,C5_ZONE_04,18,8.151
C5,baseline,1.0,C5_ZONE_04,19,9.024
C5,baseline,1.0,C5_ZONE_04,20,7.189
C5,baseline,1.0,C5_ZONE_04,21,11.196
C5,baseline,1.0,C5_ZONE_04,22,2.342
C5,baseline,1.0,C5_ZONE_04,23,8.933
C5,baseline,1.0,C5_ZONE_04,UNKNOWN_TIME,2.424
C5,baseline,1.0,C5_ZONE_05,00,1.651
C5,baseline,1.0,C5_ZONE_05,01,0.834
C5,baseline,1.0,C5_ZONE_05,02,3.929
C5,baseline,1.0,C5_ZONE_05,04,2.372
C5,baseline,1.0,C5_ZONE_05,05,3.087
C5,baseline,1.0,C5_ZONE_05,06,9.565
C5,baseline,1.0,C5_ZONE_05,07,10.503
C5,baseline,1.0,C5_ZONE_05,08,14.453
C5,baseline,1.0,C5_ZONE_05,09,17.591
C5,baseline,1.0,C5_ZONE_05,10,8.127
C5,baseline,1.0,C5_ZONE_05,11,18.494
C5,baseline,1.0,C5_ZONE_05,12,10.337
C5,baseline,1.0,C5_ZONE_05,13,5.521
C5,baseline,1.0,C5_ZONE_05,14,11.372
C5,baseline,1.0,C5_ZONE_05,15,24.432
C5,baseline,1.0,C5_ZONE_05,16,23.123
C5,baseline,1.0,C5_ZONE_05,17,10.439
C5,baseline,1.0,C5_ZONE_05,18,10.555
C5,baseline,1.0,C5_ZONE_05,19,8.789
C5,baseline,1.0,C5_ZONE_05,20,11.432
C5,baseline,1.0,C5_ZONE_05,21,11.318
C5,baseline,1.0,C5_ZONE_05,22,2.402
C5,baseline,1.0,C5_ZONE_05,23,2.383
C5,baseline,1.0,C5_ZONE_05,UNKNOWN_TIME,2.423
C5,baseline,1.0,C5_ZONE_06,06,1.545
C5,baseline,1.0,C5_ZONE_06,07,4.014
C5,baseline,1.0,C5_ZONE_06,08,1.589
C5,baseline,1.0,C5_ZONE_06,09,7.227
C5,baseline,1.0,C5_ZONE_06,10,4.852
C5,baseline,1.0,C5_ZONE_06,11,9.496
C5,baseline,1.0,C5_ZONE_06,12,4.144
C5,baseline,1.0,C5_ZONE_06,13,3.249
C5,baseline,1.0,C5_ZONE_06,14,32.068
C5,baseline,1.0,C5_ZONE_06,15,42.726
C5,baseline,1.0,C5_ZONE_06,16,37.533
C5,baseline,1.0,C5_ZONE_06,17,17.507
C5,baseline,1.0,C5_ZONE_06,18,17.683
C5,baseline,1.0,C5_ZONE_06,19,14.556
C5,baseline,1.0,C5_ZONE_06,20,13.683
C5,baseline,1.0,C5_ZONE_06,21,8.881
C5,baseline,1.0,C5_ZONE_06,22,0.829
C5,baseline,1.0,C5_ZONE_06,23,0.805
C5,baseline,1.0,C5_ZONE_06,UNKNOWN_TIME,2.435
C5,plus_10,1.0,C5_ZONE_01,00,1.808
C5,plus_10,1.0,C5_ZONE_01,01,1.811
C5,plus_10,1.0,C5_ZONE_01,02,0.885
C5,plus_10,1.0,C5_ZONE_01,05,7.133
C5,plus_10,1.0,C5_ZONE_01,06,15.99
C5,plus_10,1.0,C5_ZONE_01,07,17.723
C5,plus_10,1.0,C5_ZONE_01,08,28.589
C5,plus_10,1.0,C5_ZONE_01,09,18.874
C5,plus_10,1.0,C5_ZONE_01,10,9.834
C5,plus_10,1.0,C5_ZONE_01,11,18.018
C5,plus_10,1.0,C5_ZONE_01,12,18.554
C5,plus_10,1.0,C5_ZONE_01,13,9.773
C5,plus_10,1.0,C5_ZONE_01,14,6.253
C5,plus_10,1.0,C5_ZONE_01,15,17.821
C5,plus_10,1.0,C5_ZONE_01,16,14.107
C5,plus_10,1.0,C5_ZONE_01,17,9.917
C5,plus_10,1.0,C5_ZONE_01,18,10.807
C5,plus_10,1.0,C5_ZONE_01,19,8.057
C5,plus_10,1.0,C5_ZONE_01,20,19.646
C5,plus_10,1.0,C5_ZONE_01,21,7.042
C5,plus_10,1.0,C5_ZONE_01,22,2.595
C5,plus_10,1.0,C5_ZONE_01,23,2.763
C5,plus_10,1.0,C5_ZONE_01,UNKNOWN_TIME,1.76
C5,plus_10,1.0,C5_ZONE_02,00,1.792
C5,plus_10,1.0,C5_ZONE_02,02,0.872
C5,plus_10,1.0,C5_ZONE_02,03,1.816
C5,plus_10,1.0,C5_ZONE_02,04,0.87
C5,plus_10,1.0,C5_ZONE_02,06,6.316
C5,plus_10,1.0,C5_ZONE_02,07,29.413
C5,plus_10,1.0,C5_ZONE_02,08,28.762
C5,plus_10,1.0,C5_ZONE_02,09,14.034
C5,plus_10,1.0,C5_ZONE_02,10,18.688
C5,plus_10,1.0,C5_ZONE_02,11,20.509
C5,plus_10,1.0,C5_ZONE_02,12,10.614
C5,plus_10,1.0,C5_ZONE_02,13,15.934
C5,plus_10,1.0,C5_ZONE_02,14,11.541
C5,plus_10,1.0,C5_ZONE_02,15,17.754
C5,plus_10,1.0,C5_ZONE_02,16,20.406
C5,plus_10,1.0,C5_ZONE_02,17,10.756
C5,plus_10,1.0,C5_ZONE_02,18,8.974
C5,plus_10,1.0,C5_ZONE_02,19,9.845
C5,plus_10,1.0,C5_ZONE_02,20,7.156
C5,plus_10,1.0,C5_ZONE_02,21,8.062
C5,plus_10,1.0,C5_ZONE_02,22,3.535
C5,plus_10,1.0,C5_ZONE_02,23,1.76
C5,plus_10,1.0,C5_ZONE_03,00,2.83
C5,plus_10,1.0,C5_ZONE_03,01,1.769
C5,plus_10,1.0,C5_ZONE_03,02,0.945
C5,plus_10,1.0,C5_ZONE_03,03,0.923
C5,plus_10,1.0,C5_ZONE_03,04,1.764
C5,plus_10,1.0,C5_ZONE_03,05,3.524
C5,plus_10,1.0,C5_ZONE_03,06,8.879
C5,plus_10,1.0,C5_ZONE_03,07,19.622
C5,plus_10,1.0,C5_ZONE_03,08,24.356
C5,plus_10,1.0,C5_ZONE_03,09,12.518
C5,plus_10,1.0,C5_ZONE_03,10,19.855
C5,plus_10,1.0,C5_ZONE_03,11,24.297
C5,plus_10,1.0,C5_ZONE_03,12,20.429
C5,plus_10,1.0,C5_ZONE_03,13,12.521
C5,plus_10,1.0,C5_ZONE_03,14,18.75
C5,plus_10,1.0,C5_ZONE_03,15,18.629
C5,plus_10,1.0,C5_ZONE_03,16,18.654
C5,plus_10,1.0,C5_ZONE_03,17,7.918
C5,plus_10,1.0,C5_ZONE_03,18,7.918
C5,plus_10,1.0,C5_ZONE_03,19,7.059
C5,plus_10,1.0,C5_ZONE_03,20,4.525
C5,plus_10,1.0,C5_ZONE_03,21,5.387
C5,plus_10,1.0,C5_ZONE_03,22,2.651
C5,plus_10,1.0,C5_ZONE_03,23,3.577
C5,plus_10,1.0,C5_ZONE_03,UNKNOWN_TIME,0.876
C5,plus_10,1.0,C5_ZONE_04,00,0.911
C5,plus_10,1.0,C5_ZONE_04,02,0.922
C5,plus_10,1.0,C5_ZONE_04,03,1.777
C5,plus_10,1.0,C5_ZONE_04,04,2.68
C5,plus_10,1.0,C5_ZONE_04,05,2.594
C5,plus_10,1.0,C5_ZONE_04,06,9.985
C5,plus_10,1.0,C5_ZONE_04,07,18.384
C5,plus_10,1.0,C5_ZONE_04,08,15.905
C5,plus_10,1.0,C5_ZONE_04,09,15.898
C5,plus_10,1.0,C5_ZONE_04,10,13.398
C5,plus_10,1.0,C5_ZONE_04,11,17.718
C5,plus_10,1.0,C5_ZONE_04,12,12.229
C5,plus_10,1.0,C5_ZONE_04,13,6.217
C5,plus_10,1.0,C5_ZONE_04,14,13.239
C5,plus_10,1.0,C5_ZONE_04,15,31.223
C5,plus_10,1.0,C5_ZONE_04,16,15.159
C5,plus_10,1.0,C5_ZONE_04,17,16.04
C5,plus_10,1.0,C5_ZONE_04,18,8.983
C5,plus_10,1.0,C5_ZONE_04,19,9.902
C5,plus_10,1.0,C5_ZONE_04,20,8.159
C5,plus_10,1.0,C5_ZONE_04,21,12.644
C5,plus_10,1.0,C5_ZONE_04,22,2.756
C5,plus_10,1.0,C5_ZONE_04,23,9.748
C5,plus_10,1.0,C5_ZONE_04,UNKNOWN_TIME,2.743
C5,plus_10,1.0,C5_ZONE_05,00,1.795
C5,plus_10,1.0,C5_ZONE_05,01,0.877
C5,plus_10,1.0,C5_ZONE_05,02,4.434
C5,plus_10,1.0,C5_ZONE_05,04,2.769
C5,plus_10,1.0,C5_ZONE_05,05,3.685
C5,plus_10,1.0,C5_ZONE_05,06,10.58
C5,plus_10,1.0,C5_ZONE_05,07,11.713
C5,plus_10,1.0,C5_ZONE_05,08,15.993
C5,plus_10,1.0,C5_ZONE_05,09,19.39
C5,plus_10,1.0,C5_ZONE_05,10,8.899
C5,plus_10,1.0,C5_ZONE_05,11,20.472
C5,plus_10,1.0,C5_ZONE_05,12,11.748
C5,plus_10,1.0,C5_ZONE_05,13,6.228
C5,plus_10,1.0,C5_ZONE_05,14,12.612
C5,plus_10,1.0,C5_ZONE_05,15,26.657
C5,plus_10,1.0,C5_ZONE_05,16,26.016
C5,plus_10,1.0,C5_ZONE_05,17,11.685
C5,plus_10,1.0,C5_ZONE_05,18,11.606
C5,plus_10,1.0,C5_ZONE_05,19,9.915
C5,plus_10,1.0,C5_ZONE_05,20,12.48
C5,plus_10,1.0,C5_ZONE_05,21,12.563
C5,plus_10,1.0,C5_ZONE_05,22,2.69
C5,plus_10,1.0,C5_ZONE_05,23,2.7
C5,plus_10,1.0,C5_ZONE_05,UNKNOWN_TIME,2.626
C5,plus_10,1.0,C5_ZONE_06,06,1.804
C5,plus_10,1.0,C5_ZONE_06,07,4.348
C5,plus_10,1.0,C5_ZONE_06,08,1.83
C5,plus_10,1.0,C5_ZONE_06,09,8.067
C5,plus_10,1.0,C5_ZONE_06,10,5.357
C5,plus_10,1.0,C5_ZONE_06,11,10.7
C5,plus_10,1.0,C5_ZONE_06,12,4.458
C5,plus_10,1.0,C5_ZONE_06,13,3.592
C5,plus_10,1.0,C5_ZONE_06,14,35.496
C5,plus_10,1.0,C5_ZONE_06,15,47.176
C5,plus_10,1.0,C5_ZONE_06,16,42.042
C5,plus_10,1.0,C5_ZONE_06,17,19.432
C5,plus_10,1.0,C5_ZONE_06,18,19.362
C5,plus_10,1.0,C5_ZONE_06,19,16.044
C5,plus_10,1.0,C5_ZONE_06,20,15.223
C5,plus_10,1.0,C5_ZONE_06,21,9.626
C5,plus_10,1.0,C5_ZONE_06,22,0.871
C5,plus_10,1.0,C5_ZONE_06,23,0.883
C5,plus_10,1.0,C5_ZONE_06,UNKNOWN_TIME,2.703
C5,plus_20,1.0,C5_ZONE_01,00,1.88
C5,plus_20,1.0,C5_ZONE_01,01,1.974
C5,plus_20,1.0,C5_ZONE_01,02,0.948
C5,plus_20,1.0,C5_ZONE_01,05,7.796
C5,plus_20,1.0,C5_ZONE_01,06,17.321
C5,plus_20,1.0,C5_ZONE_01,07,19.333
C5,plus_20,1.0,C5_ZONE_01,08,30.25
C5,plus_20,1.0,C5_ZONE_01,09,20.146
C5,plus_20,1.0,C5_ZONE_01,10,10.54
C5,plus_20,1.0,C5_ZONE_01,11,19.407
C5,plus_20,1.0,C5_ZONE_01,12,20.17
C5,plus_20,1.0,C5_ZONE_01,13,10.565
C5,plus_20,1.0,C5_ZONE_01,14,6.764
C5,plus_20,1.0,C5_ZONE_01,15,19.402
C5,plus_20,1.0,C5_ZONE_01,16,15.201
C5,plus_20,1.0,C5_ZONE_01,17,10.787
C5,plus_20,1.0,C5_ZONE_01,18,11.496
C5,plus_20,1.0,C5_ZONE_01,19,8.725
C5,plus_20,1.0,C5_ZONE_01,20,21.056
C5,plus_20,1.0,C5_ZONE_01,21,7.704
C5,plus_20,1.0,C5_ZONE_01,22,2.824
C5,plus_20,1.0,C5_ZONE_01,23,2.992
C5,plus_20,1.0,C5_ZONE_01,UNKNOWN_TIME,1.902
C5,plus_20,1.0,C5_ZONE_02,00,1.964
C5,plus_20,1.0,C5_ZONE_02,02,0.984
C5,plus_20,1.0,C5_ZONE_02,03,1.892
C5,plus_20,1.0,C5_ZONE_02,04,0.992
C5,plus_20,1.0,C5_ZONE_02,06,6.808
C5,plus_20,1.0,C5_ZONE_02,07,31.453
C5,plus_20,1.0,C5_ZONE_02,08,30.721
C5,plus_20,1.0,C5_ZONE_02,09,15.475
C5,plus_20,1.0,C5_ZONE_02,10,20.202
C5,plus_20,1.0,C5_ZONE_02,11,21.949
C5,plus_20,1.0,C5_ZONE_02,12,11.739
C5,plus_20,1.0,C5_ZONE_02,13,17.354
C5,plus_20,1.0,C5_ZONE_02,14,12.389
C5,plus_20,1.0,C5_ZONE_02,15,19.418
C5,plus_20,1.0,C5_ZONE_02,16,21.952
C5,plus_20,1.0,C5_ZONE_02,17,11.394
C5,plus_20,1.0,C5_ZONE_02,18,9.651
C5,plus_20,1.0,C5_ZONE_02,19,10.66
C5,plus_20,1.0,C5_ZONE_02,20,7.747
C5,plus_20,1.0,C5_ZONE_02,21,8.597
C5,plus_20,1.0,C5_ZONE_02,22,3.785
C5,plus_20,1.0,C5_ZONE_02,23,1.951
C5,plus_20,1.0,C5_ZONE_03,00,2.885
C5,plus_20,1.0,C5_ZONE_03,01,1.932
C5,plus_20,1.0,C5_ZONE_03,02,0.948
C5,plus_20,1.0,C5_ZONE_03,03,0.961
C5,plus_20,1.0,C5_ZONE_03,04,2.058
C5,plus_20,1.0,C5_ZONE_03,05,3.815
C5,plus_20,1.0,C5_ZONE_03,06,9.577
C5,plus_20,1.0,C5_ZONE_03,07,21.279
C5,plus_20,1.0,C5_ZONE_03,08,26.054
C5,plus_20,1.0,C5_ZONE_03,09,13.508
C5,plus_20,1.0,C5_ZONE_03,10,21.115
C5,plus_20,1.0,C5_ZONE_03,11,26.143
C5,plus_20,1.0,C5_ZONE_03,12,22.025
C5,plus_20,1.0,C5_ZONE_03,13,13.659
C5,plus_20,1.0,C5_ZONE_03,14,20.179
C5,plus_20,1.0,C5_ZONE_03,15,20.074
C5,plus_20,1.0,C5_ZONE_03,16,20.37
C5,plus_20,1.0,C5_ZONE_03,17,8.642
C5,plus_20,1.0,C5_ZONE_03,18,8.662
C5,plus_20,1.0,C5_ZONE_03,19,7.716
C5,plus_20,1.0,C5_ZONE_03,20,4.955
C5,plus_20,1.0,C5_ZONE_03,21,5.755
C5,plus_20,1.0,C5_ZONE_03,22,2.9
C5,plus_20,1.0,C5_ZONE_03,23,3.764
C5,plus_20,1.0,C5_ZONE_03,UNKNOWN_TIME,0.961
C5,plus_20,1.0,C5_ZONE_04,00,0.975
C5,plus_20,1.0,C5_ZONE_04,02,0.919
C5,plus_20,1.0,C5_ZONE_04,03,2.001
C5,plus_20,1.0,C5_ZONE_04,04,2.883
C5,plus_20,1.0,C5_ZONE_04,05,2.927
C5,plus_20,1.0,C5_ZONE_04,06,10.673
C5,plus_20,1.0,C5_ZONE_04,07,20.337
C5,plus_20,1.0,C5_ZONE_04,08,17.411
C5,plus_20,1.0,C5_ZONE_04,09,17.376
C5,plus_20,1.0,C5_ZONE_04,10,14.646
C5,plus_20,1.0,C5_ZONE_04,11,19.417
C5,plus_20,1.0,C5_ZONE_04,12,13.568
C5,plus_20,1.0,C5_ZONE_04,13,6.758
C5,plus_20,1.0,C5_ZONE_04,14,14.469
C5,plus_20,1.0,C5_ZONE_04,15,33.528
C5,plus_20,1.0,C5_ZONE_04,16,16.353
C5,plus_20,1.0,C5_ZONE_04,17,17.444
C5,plus_20,1.0,C5_ZONE_04,18,9.697
C5,plus_20,1.0,C5_ZONE_04,19,10.493
C5,plus_20,1.0,C5_ZONE_04,20,8.648
C5,plus_20,1.0,C5_ZONE_04,21,13.456
C5,plus_20,1.0,C5_ZONE_04,22,2.856
C5,plus_20,1.0,C5_ZONE_04,23,10.696
C5,plus_20,1.0,C5_ZONE_04,UNKNOWN_TIME,2.911
C5,plus_20,1.0,C5_ZONE_05,00,1.903
C5,plus_20,1.0,C5_ZONE_05,01,0.944
C5,plus_20,1.0,C5_ZONE_05,02,4.765
C5,plus_20,1.0,C5_ZONE_05,04,2.988
C5,plus_20,1.0,C5_ZONE_05,05,3.947
C5,plus_20,1.0,C5_ZONE_05,06,11.382
C5,plus_20,1.0,C5_ZONE_05,07,12.414
C5,plus_20,1.0,C5_ZONE_05,08,17.412
C5,plus_20,1.0,C5_ZONE_05,09,20.987
C5,plus_20,1.0,C5_ZONE_05,10,9.48
C5,plus_20,1.0,C5_ZONE_05,11,22.23
C5,plus_20,1.0,C5_ZONE_05,12,12.504
C5,plus_20,1.0,C5_ZONE_05,13,6.787
C5,plus_20,1.0,C5_ZONE_05,14,13.757
C5,plus_20,1.0,C5_ZONE_05,15,28.921
C5,plus_20,1.0,C5_ZONE_05,16,27.764
C5,plus_20,1.0,C5_ZONE_05,17,12.453
C5,plus_20,1.0,C5_ZONE_05,18,12.633
C5,plus_20,1.0,C5_ZONE_05,19,10.687
C5,plus_20,1.0,C5_ZONE_05,20,13.489
C5,plus_20,1.0,C5_ZONE_05,21,13.418
C5,plus_20,1.0,C5_ZONE_05,22,2.93
C5,plus_20,1.0,C5_ZONE_05,23,2.814
C5,plus_20,1.0,C5_ZONE_05,UNKNOWN_TIME,2.884
C5,plus_20,1.0,C5_ZONE_06,06,1.903
C5,plus_20,1.0,C5_ZONE_06,07,4.756
C5,plus_20,1.0,C5_ZONE_06,08,1.978
C5,plus_20,1.0,C5_ZONE_06,09,8.728
C5,plus_20,1.0,C5_ZONE_06,10,5.783
C5,plus_20,1.0,C5_ZONE_06,11,11.728
C5,plus_20,1.0,C5_ZONE_06,12,4.749
C5,plus_20,1.0,C5_ZONE_06,13,3.941
C5,plus_20,1.0,C5_ZONE_06,14,38.171
C5,plus_20,1.0,C5_ZONE_06,15,51.404
C5,plus_20,1.0,C5_ZONE_06,16,45.309
C5,plus_20,1.0,C5_ZONE_06,17,21.024
C5,plus_20,1.0,C5_ZONE_06,18,21.359
C5,plus_20,1.0,C5_ZONE_06,19,17.293
C5,plus_20,1.0,C5_ZONE_06,20,16.427
C5,plus_20,1.0,C5_ZONE_06,21,10.599
C5,plus_20,1.0,C5_ZONE_06,22,0.961
C5,plus_20,1.0,C5_ZONE_06,23,0.972
C5,plus_20,1.0,C5_ZONE_06,UNKNOWN_TIME,2.875
C5,plus_30,1.0,C5_ZONE_01,00,2.186
C5,plus_30,1.0,C5_ZONE_01,01,2.133
C5,plus_30,1.0,C5_ZONE_01,02,1.072
C5,plus_30,1.0,C5_ZONE_01,05,8.552
C5,plus_30,1.0,C5_ZONE_01,06,19.442
C5,plus_30,1.0,C5_ZONE_01,07,21.155
C5,plus_30,1.0,C5_ZONE_01,08,34.082
C5,plus_30,1.0,C5_ZONE_01,09,22.071
C5,plus_30,1.0,C5_ZONE_01,10,11.505
C5,plus_30,1.0,C5_ZONE_01,11,21.064
C5,plus_30,1.0,C5_ZONE_01,12,22.285
C5,plus_30,1.0,C5_ZONE_01,13,11.752
C5,plus_30,1.0,C5_ZONE_01,14,7.226
C5,plus_30,1.0,C5_ZONE_01,15,21.061
C5,plus_30,1.0,C5_ZONE_01,16,17.087
C5,plus_30,1.0,C5_ZONE_01,17,11.69
C5,plus_30,1.0,C5_ZONE_01,18,12.675
C5,plus_30,1.0,C5_ZONE_01,19,9.452
C5,plus_30,1.0,C5_ZONE_01,20,23.07
C5,plus_30,1.0,C5_ZONE_01,21,8.528
C5,plus_30,1.0,C5_ZONE_01,22,3.163
C5,plus_30,1.0,C5_ZONE_01,23,3.14
C5,plus_30,1.0,C5_ZONE_01,UNKNOWN_TIME,2.066
C5,plus_30,1.0,C5_ZONE_02,00,2.077
C5,plus_30,1.0,C5_ZONE_02,02,1.059
C5,plus_30,1.0,C5_ZONE_02,03,2.116
C5,plus_30,1.0,C5_ZONE_02,04,1.033
C5,plus_30,1.0,C5_ZONE_02,06,7.242
C5,plus_30,1.0,C5_ZONE_02,07,34.97
C5,plus_30,1.0,C5_ZONE_02,08,33.924
C5,plus_30,1.0,C5_ZONE_02,09,16.991
C5,plus_30,1.0,C5_ZONE_02,10,22.403
C5,plus_30,1.0,C5_ZONE_02,11,24.242
C5,plus_30,1.0,C5_ZONE_02,12,12.799
C5,plus_30,1.0,C5_ZONE_02,13,19.048
C5,plus_30,1.0,C5_ZONE_02,14,13.725
C5,plus_30,1.0,C5_ZONE_02,15,21.165
C5,plus_30,1.0,C5_ZONE_02,16,24.437
C5,plus_30,1.0,C5_ZONE_02,17,12.664
C5,plus_30,1.0,C5_ZONE_02,18,10.437
C5,plus_30,1.0,C5_ZONE_02,19,11.442
C5,plus_30,1.0,C5_ZONE_02,20,8.456
C5,plus_30,1.0,C5_ZONE_02,21,9.63
C5,plus_30,1.0,C5_ZONE_02,22,4.196
C5,plus_30,1.0,C5_ZONE_02,23,2.18
C5,plus_30,1.0,C5_ZONE_03,00,3.159
C5,plus_30,1.0,C5_ZONE_03,01,2.071
C5,plus_30,1.0,C5_ZONE_03,02,1.082
C5,plus_30,1.0,C5_ZONE_03,03,1.054
C5,plus_30,1.0,C5_ZONE_03,04,2.116
C5,plus_30,1.0,C5_ZONE_03,05,4.195
C5,plus_30,1.0,C5_ZONE_03,06,10.558
C5,plus_30,1.0,C5_ZONE_03,07,23.239
C5,plus_30,1.0,C5_ZONE_03,08,28.191
C5,plus_30,1.0,C5_ZONE_03,09,14.792
C5,plus_30,1.0,C5_ZONE_03,10,22.919
C5,plus_30,1.0,C5_ZONE_03,11,28.771
C5,plus_30,1.0,C5_ZONE_03,12,24.253
C5,plus_30,1.0,C5_ZONE_03,13,14.75
C5,plus_30,1.0,C5_ZONE_03,14,22.242
C5,plus_30,1.0,C5_ZONE_03,15,22.169
C5,plus_30,1.0,C5_ZONE_03,16,22.145
C5,plus_30,1.0,C5_ZONE_03,17,9.38
C5,plus_30,1.0,C5_ZONE_03,18,9.509
C5,plus_30,1.0,C5_ZONE_03,19,8.369
C5,plus_30,1.0,C5_ZONE_03,20,5.233
C5,plus_30,1.0,C5_ZONE_03,21,6.204
C5,plus_30,1.0,C5_ZONE_03,22,3.089
C5,plus_30,1.0,C5_ZONE_03,23,4.203
C5,plus_30,1.0,C5_ZONE_03,UNKNOWN_TIME,1.018
C5,plus_30,1.0,C5_ZONE_04,00,1.031
C5,plus_30,1.0,C5_ZONE_04,02,1.064
C5,plus_30,1.0,C5_ZONE_04,03,2.094
C5,plus_30,1.0,C5_ZONE_04,04,3.259
C5,plus_30,1.0,C5_ZONE_04,05,3.248
C5,plus_30,1.0,C5_ZONE_04,06,11.675
C5,plus_30,1.0,C5_ZONE_04,07,22.367
C5,plus_30,1.0,C5_ZONE_04,08,18.892
C5,plus_30,1.0,C5_ZONE_04,09,19.041
C5,plus_30,1.0,C5_ZONE_04,10,15.75
C5,plus_30,1.0,C5_ZONE_04,11,21.344
C5,plus_30,1.0,C5_ZONE_04,12,14.973
C5,plus_30,1.0,C5_ZONE_04,13,7.335
C5,plus_30,1.0,C5_ZONE_04,14,15.937
C5,plus_30,1.0,C5_ZONE_04,15,36.746
C5,plus_30,1.0,C5_ZONE_04,16,17.78
C5,plus_30,1.0,C5_ZONE_04,17,18.662
C5,plus_30,1.0,C5_ZONE_04,18,10.606
C5,plus_30,1.0,C5_ZONE_04,19,11.57
C5,plus_30,1.0,C5_ZONE_04,20,9.373
C5,plus_30,1.0,C5_ZONE_04,21,14.684
C5,plus_30,1.0,C5_ZONE_04,22,3.231
C5,plus_30,1.0,C5_ZONE_04,23,11.297
C5,plus_30,1.0,C5_ZONE_04,UNKNOWN_TIME,3.172
C5,plus_30,1.0,C5_ZONE_05,00,2.061
C5,plus_30,1.0,C5_ZONE_05,01,1.063
C5,plus_30,1.0,C5_ZONE_05,02,5.374
C5,plus_30,1.0,C5_ZONE_05,04,3.226
C5,plus_30,1.0,C5_ZONE_05,05,4.378
C5,plus_30,1.0,C5_ZONE_05,06,12.7
C5,plus_30,1.0,C5_ZONE_05,07,13.833
C5,plus_30,1.0,C5_ZONE_05,08,18.864
C5,plus_30,1.0,C5_ZONE_05,09,23.409
C5,plus_30,1.0,C5_ZONE_05,10,10.562
C5,plus_30,1.0,C5_ZONE_05,11,24.119
C5,plus_30,1.0,C5_ZONE_05,12,13.706
C5,plus_30,1.0,C5_ZONE_05,13,7.389
C5,plus_30,1.0,C5_ZONE_05,14,14.793
C5,plus_30,1.0,C5_ZONE_05,15,31.721
C5,plus_30,1.0,C5_ZONE_05,16,30.681
C5,plus_30,1.0,C5_ZONE_05,17,13.634
C5,plus_30,1.0,C5_ZONE_05,18,13.546
C5,plus_30,1.0,C5_ZONE_05,19,11.579
C5,plus_30,1.0,C5_ZONE_05,20,14.593
C5,plus_30,1.0,C5_ZONE_05,21,14.773
C5,plus_30,1.0,C5_ZONE_05,22,3.084
C5,plus_30,1.0,C5_ZONE_05,23,3.165
C5,plus_30,1.0,C5_ZONE_05,UNKNOWN_TIME,3.128
C5,plus_30,1.0,C5_ZONE_06,06,2.068
C5,plus_30,1.0,C5_ZONE_06,07,5.312
C5,plus_30,1.0,C5_ZONE_06,08,2.04
C5,plus_30,1.0,C5_ZONE_06,09,9.444
C5,plus_30,1.0,C5_ZONE_06,10,6.344
C5,plus_30,1.0,C5_ZONE_06,11,12.653
C5,plus_30,1.0,C5_ZONE_06,12,5.142
C5,plus_30,1.0,C5_ZONE_06,13,4.231
C5,plus_30,1.0,C5_ZONE_06,14,42.179
C5,plus_30,1.0,C5_ZONE_06,15,56.1
C5,plus_30,1.0,C5_ZONE_06,16,49.569
C5,plus_30,1.0,C5_ZONE_06,17,23.122
C5,plus_30,1.0,C5_ZONE_06,18,23.215
C5,plus_30,1.0,C5_ZONE_06,19,19.047
C5,plus_30,1.0,C5_ZONE_06,20,17.885
C5,plus_30,1.0,C5_ZONE_06,21,11.568
C5,plus_30,1.0,C5_ZONE_06,22,1.03
C5,plus_30,1.0,C5_ZONE_06,23,1.056
C5,plus_30,1.0,C5_ZONE_06,UNKNOWN_TIME,3.214
C5,baseline,1.2,C5_ZONE_01,00,1.693
C5,baseline,1.2,C5_ZONE_01,01,1.673
C5,baseline,1.2,C5_ZONE_01,02,0.816
C5,baseline,1.2,C5_ZONE_01,05,6.476
C5,baseline,1.2,C5_ZONE_01,06,14.733
C5,baseline,1.2,C5_ZONE_01,07,16.114
C5,baseline,1.2,C5_ZONE_01,08,26.047
C5,baseline,1.2,C5_ZONE_01,09,16.999
C5,baseline,1.2,C5_ZONE_01,10,8.861
C5,baseline,1.2,C5_ZONE_01,11,16.285
C5,baseline,1.2,C5_ZONE_01,12,17.183
C5,baseline,1.2,C5_ZONE_01,13,8.933
C5,baseline,1.2,C5_ZONE_01,14,5.674
C5,baseline,1.2,C5_ZONE_01,15,16.268
C5,baseline,1.2,C5_ZONE_01,16,12.845
C5,baseline,1.2,C5_ZONE_01,17,8.906
C5,baseline,1.2,C5_ZONE_01,18,9.747
C5,baseline,1.2,C5_ZONE_01,19,7.28
C5,baseline,1.2,C5_ZONE_01,20,18.059
C5,baseline,1.2,C5_ZONE_01,21,6.541
C5,baseline,1.2,C5_ZONE_01,22,2.397
C5,baseline,1.2,C5_ZONE_01,23,2.475
C5,baseline,1.2,C5_ZONE_01,UNKNOWN_TIME,1.577
C5,baseline,1.2,C5_ZONE_02,00,1.576
C5,baseline,1.2,C5_ZONE_02,02,0.77
C5,baseline,1.2,C5_ZONE_02,03,1.648
C5,baseline,1.2,C5_ZONE_02,04,0.756
C5,baseline,1.2,C5_ZONE_02,06,5.592
C5,baseline,1.2,C5_ZONE_02,07,27.139
C5,baseline,1.2,C5_ZONE_02,08,25.814
C5,baseline,1.2,C5_ZONE_02,09,12.88
C5,baseline,1.2,C5_ZONE_02,10,16.822
C5,baseline,1.2,C5_ZONE_02,11,18.684
C5,baseline,1.2,C5_ZONE_02,12,9.774
C5,baseline,1.2,C5_ZONE_02,13,14.422
C5,baseline,1.2,C5_ZONE_02,14,10.434
C5,baseline,1.2,C5_ZONE_02,15,16.255
C5,baseline,1.2,C5_ZONE_02,16,18.754
C5,baseline,1.2,C5_ZONE_02,17,9.664
C5,baseline,1.2,C5_ZONE_02,18,8.061
C5,baseline,1.2,C5_ZONE_02,19,8.938
C5,baseline,1.2,C5_ZONE_02,20,6.639
C5,baseline,1.2,C5_ZONE_02,21,7.207
C5,baseline,1.2,C5_ZONE_02,22,3.286
C5,baseline,1.2,C5_ZONE_02,23,1.623
C5,baseline,1.2,C5_ZONE_03,00,2.391
C5,baseline,1.2,C5_ZONE_03,01,1.593
C5,baseline,1.2,C5_ZONE_03,02,0.809
C5,baseline,1.2,C5_ZONE_03,03,0.837
C5,baseline,1.2,C5_ZONE_03,04,1.667
C5,baseline,1.2,C5_ZONE_03,05,3.232
C5,baseline,1.2,C5_ZONE_03,06,7.926
C5,baseline,1.2,C5_ZONE_03,07,17.875
C5,baseline,1.2,C5_ZONE_03,08,21.693
C5,baseline,1.2,C5_ZONE_03,09,11.325
C5,baseline,1.2,C5_ZONE_03,10,17.787
C5,baseline,1.2,C5_ZONE_03,11,21.704
C5,baseline,1.2,C5_ZONE_03,12,18.474
C5,baseline,1.2,C5_ZONE_03,13,11.135
C5,baseline,1.2,C5_ZONE_03,14,16.965
C5,baseline,1.2,C5_ZONE_03,15,17.123
C5,baseline,1.2,C5_ZONE_03,16,17.004
C5,baseline,1.2,C5_ZONE_03,17,7.345
C5,baseline,1.2,C5_ZONE_03,18,7.185
C5,baseline,1.2,C5_ZONE_03,19,6.31
C5,baseline,1.2,C5_ZONE_03,20,4.022
C5,baseline,1.2,C5_ZONE_03,21,4.748
C5,baseline,1.2,C5_ZONE_03,22,2.423
C5,baseline,1.2,C5_ZONE_03,23,3.185
C5,baseline,1.2,C5_ZONE_03,UNKNOWN_TIME,0.808
C5,baseline,1.2,C5_ZONE_04,00,0.776
C5,baseline,1.2,C5_ZONE_04,02,0.83
C5,baseline,1.2,C5_ZONE_04,03,1.602
C5,baseline,1.2,C5_ZONE_04,04,2.435
C5,baseline,1.2,C5_ZONE_04,05,2.447
C5,baseline,1.2,C5_ZONE_04,06,8.753
C5,baseline,1.2,C5_ZONE_04,07,16.995
C5,baseline,1.2,C5_ZONE_04,08,14.567
C5,baseline,1.2,C5_ZONE_04,09,14.558
C5,baseline,1.2,C5_ZONE_04,10,12.092
C5,baseline,1.2,C5_ZONE_04,11,16.351
C5,baseline,1.2,C5_ZONE_04,12,11.421
C5,baseline,1.2,C5_ZONE_04,13,5.681
C5,baseline,1.2,C5_ZONE_04,14,12.223
C5,baseline,1.2,C5_ZONE_04,15,28.353
C5,baseline,1.2,C5_ZONE_04,16,13.911
C5,baseline,1.2,C5_ZONE_04,17,14.454
C5,baseline,1.2,C5_ZONE_04,18,8.299
C5,baseline,1.2,C5_ZONE_04,19,9.024
C5,baseline,1.2,C5_ZONE_04,20,7.379
C5,baseline,1.2,C5_ZONE_04,21,11.299
C5,baseline,1.2,C5_ZONE_04,22,2.439
C5,baseline,1.2,C5_ZONE_04,23,9.072
C5,baseline,1.2,C5_ZONE_04,UNKNOWN_TIME,2.445
C5,baseline,1.2,C5_ZONE_05,00,1.605
C5,baseline,1.2,C5_ZONE_05,01,0.842
C5,baseline,1.2,C5_ZONE_05,02,4.089
C5,baseline,1.2,C5_ZONE_05,04,2.429
C5,baseline,1.2,C5_ZONE_05,05,3.251
C5,baseline,1.2,C5_ZONE_05,06,9.71
C5,baseline,1.2,C5_ZONE_05,07,10.659
C5,baseline,1.2,C5_ZONE_05,08,14.4
C5,baseline,1.2,C5_ZONE_05,09,17.954
C5,baseline,1.2,C5_ZONE_05,10,8.053
C5,baseline,1.2,C5_ZONE_05,11,18.456
C5,baseline,1.2,C5_ZONE_05,12,10.501
C5,baseline,1.2,C5_ZONE_05,13,5.83
C5,baseline,1.2,C5_ZONE_05,14,11.31
C5,baseline,1.2,C5_ZONE_05,15,24.428
C5,baseline,1.2,C5_ZONE_05,16,23.211
C5,baseline,1.2,C5_ZONE_05,17,10.557
C5,baseline,1.2,C5_ZONE_05,18,10.459
C5,baseline,1.2,C5_ZONE_05,19,8.945
C5,baseline,1.2,C5_ZONE_05,20,11.299
C5,baseline,1.2,C5_ZONE_05,21,11.389
C5,baseline,1.2,C5_ZONE_05,22,2.437
C5,baseline,1.2,C5_ZONE_05,23,2.468
C5,baseline,1.2,C5_ZONE_05,UNKNOWN_TIME,2.428
C5,baseline,1.2,C5_ZONE_06,06,1.607
C5,baseline,1.2,C5_ZONE_06,07,4.054
C5,baseline,1.2,C5_ZONE_06,08,1.598
C5,baseline,1.2,C5_ZONE_06,09,7.221
C5,baseline,1.2,C5_ZONE_06,10,4.836
C5,baseline,1.2,C5_ZONE_06,11,9.698
C5,baseline,1.2,C5_ZONE_06,12,4.018
C5,baseline,1.2,C5_ZONE_06,13,3.207
C5,baseline,1.2,C5_ZONE_06,14,32.249
C5,baseline,1.2,C5_ZONE_06,15,42.993
C5,baseline,1.2,C5_ZONE_06,16,38.118
C5,baseline,1.2,C5_ZONE_06,17,17.849
C5,baseline,1.2,C5_ZONE_06,18,17.509
C5,baseline,1.2,C5_ZONE_06,19,14.561
C5,baseline,1.2,C5_ZONE_06,20,13.676
C5,baseline,1.2,C5_ZONE_06,21,8.945
C5,baseline,1.2,C5_ZONE_06,22,0.82
C5,baseline,1.2,C5_ZONE_06,23,0.784
C5,baseline,1.2,C5_ZONE_06,UNKNOWN_TIME,2.434
C5,plus_10,1.2,C5_ZONE_01,00,1.917
C5,plus_10,1.2,C5_ZONE_01,01,1.8
C5,plus_10,1.2,C5_ZONE_01,02,0.878
C5,plus_10,1.2,C5_ZONE_01,05,7.274
C5,plus_10,1.2,C5_ZONE_01,06,16.463
C5,plus_10,1.2,C5_ZONE_01,07,17.974
C5,plus_10,1.2,C5_ZONE_01,08,28.833
C5,plus_10,1.2,C5_ZONE_01,09,18.943
C5,plus_10,1.2,C5_ZONE_01,10,10.022
C5,plus_10,1.2,C5_ZONE_01,11,18.108
C5,plus_10,1.2,C5_ZONE_01,12,19.093
C5,plus_10,1.2,C5_ZONE_01,13,9.943
C5,plus_10,1.2,C5_ZONE_01,14,6.412
C5,plus_10,1.2,C5_ZONE_01,15,18.505
C5,plus_10,1.2,C5_ZONE_01,16,14.544
C5,plus_10,1.2,C5_ZONE_01,17,9.945
C5,plus_10,1.2,C5_ZONE_01,18,11.009
C5,plus_10,1.2,C5_ZONE_01,19,8.245
C5,plus_10,1.2,C5_ZONE_01,20,19.868
C5,plus_10,1.2,C5_ZONE_01,21,7.262
C5,plus_10,1.2,C5_ZONE_01,22,2.749
C5,plus_10,1.2,C5_ZONE_01,23,2.797
C5,plus_10,1.2,C5_ZONE_01,UNKNOWN_TIME,1.833
C5,plus_10,1.2,C5_ZONE_02,00,1.775
C5,plus_10,1.2,C5_ZONE_02,02,0.871
C5,plus_10,1.2,C5_ZONE_02,03,1.883
C5,plus_10,1.2,C5_ZONE_02,04,0.889
C5,plus_10,1.2,C5_ZONE_02,06,6.374
C5,plus_10,1.2,C5_ZONE_02,07,29.888
C5,plus_10,1.2,C5_ZONE_02,08,29.184
C5,plus_10,1.2,C5_ZONE_02,09,14.515
C5,plus_10,1.2,C5_ZONE_02,10,18.947
C5,plus_10,1.2,C5_ZONE_02,11,20.926
C5,plus_10,1.2,C5_ZONE_02,12,10.922
C5,plus_10,1.2,C5_ZONE_02,13,16.218
C5,plus_10,1.2,C5_ZONE_02,14,11.897
C5,plus_10,1.2,C5_ZONE_02,15,18.102
C5,plus_10,1.2,C5_ZONE_02,16,20.755
C5,plus_10,1.2,C5_ZONE_02,17,10.786
C5,plus_10,1.2,C5_ZONE_02,18,9.089
C5,plus_10,1.2,C5_ZONE_02,19,9.819
C5,plus_10,1.2,C5_ZONE_02,20,7.289
C5,plus_10,1.2,C5_ZONE_02,21,8.195
C5,plus_10,1.2,C5_ZONE_02,22,3.695
C5,plus_10,1.2,C5_ZONE_02,23,1.806
C5,plus_10,1.2,C5_ZONE_03,00,2.675
C5,plus_10,1.2,C5_ZONE_03,01,1.832
C5,plus_10,1.2,C5_ZONE_03,02,0.905
C5,plus_10,1.2,C5_ZONE_03,03,0.969
C5,plus_10,1.2,C5_ZONE_03,04,1.846
C5,plus_10,1.2,C5_ZONE_03,05,3.584
C5,plus_10,1.2,C5_ZONE_03,06,9.059
C5,plus_10,1.2,C5_ZONE_03,07,20.024
C5,plus_10,1.2,C5_ZONE_03,08,24.45
C5,plus_10,1.2,C5_ZONE_03,09,12.572
C5,plus_10,1.2,C5_ZONE_03,10,19.834
C5,plus_10,1.2,C5_ZONE_03,11,24.704
C5,plus_10,1.2,C5_ZONE_03,12,20.986
C5,plus_10,1.2,C5_ZONE_03,13,12.873
C5,plus_10,1.2,C5_ZONE_03,14,18.901
C5,plus_10,1.2,C5_ZONE_03,15,19.195
C5,plus_10,1.2,C5_ZONE_03,16,18.992
C5,plus_10,1.2,C5_ZONE_03,17,8.129
C5,plus_10,1.2,C5_ZONE_03,18,8.133
C5,plus_10,1.2,C5_ZONE_03,19,7.199
C5,plus_10,1.2,C5_ZONE_03,20,4.684
C5,plus_10,1.2,C5_ZONE_03,21,5.444
C5,plus_10,1.2,C5_ZONE_03,22,2.659
C5,plus_10,1.2,C5_ZONE_03,23,3.549
C5,plus_10,1.2,C5_ZONE_03,UNKNOWN_TIME,0.903
C5,plus_10,1.2,C5_ZONE_04,00,0.935
C5,plus_10,1.2,C5_ZONE_04,02,0.986
C5,plus_10,1.2,C5_ZONE_04,03,1.766
C5,plus_10,1.2,C5_ZONE_04,04,2.797
C5,plus_10,1.2,C5_ZONE_04,05,2.795
C5,plus_10,1.2,C5_ZONE_04,06,9.849
C5,plus_10,1.2,C5_ZONE_04,07,18.976
C5,plus_10,1.2,C5_ZONE_04,08,16.518
C5,plus_10,1.2,C5_ZONE_04,09,16.335
C5,plus_10,1.2,C5_ZONE_04,10,13.517
C5,plus_10,1.2,C5_ZONE_04,11,18.214
C5,plus_10,1.2,C5_ZONE_04,12,12.635
C5,plus_10,1.2,C5_ZONE_04,13,6.335
C5,plus_10,1.2,C5_ZONE_04,14,13.77
C5,plus_10,1.2,C5_ZONE_04,15,31.521
C5,plus_10,1.2,C5_ZONE_04,16,15.06
C5,plus_10,1.2,C5_ZONE_04,17,16.229
C5,plus_10,1.2,C5_ZONE_04,18,9.192
C5,plus_10,1.2,C5_ZONE_04,19,9.856
C5,plus_10,1.2,C5_ZONE_04,20,8.117
C5,plus_10,1.2,C5_ZONE_04,21,12.583
C5,plus_10,1.2,C5_ZONE_04,22,2.777
C5,plus_10,1.2,C5_ZONE_04,23,10.03
C5,plus_10,1.2,C5_ZONE_04,UNKNOWN_TIME,2.639
C5,plus_10,1.2,C5_ZONE_05,00,1.771
C5,plus_10,1.2,C5_ZONE_05,01,0.918
C5,plus_10,1.2,C5_ZONE_05,02,4.55
C5,plus_10,1.2,C5_ZONE_05,04,2.747
C5,plus_10,1.2,C5_ZONE_05,05,3.571
C5,plus_10,1.2,C5_ZONE_05,06,10.9
C5,plus_10,1.2,C5_ZONE_05,07,11.898
C5,plus_10,1.2,C5_ZONE_05,08,16.407
C5,plus_10,1.2,C5_ZONE_05,09,20.02
C5,plus_10,1.2,C5_ZONE_05,10,9.149
C5,plus_10,1.2,C5_ZONE_05,11,20.765
C5,plus_10,1.2,C5_ZONE_05,12,11.808
C5,plus_10,1.2,C5_ZONE_05,13,6.385
C5,plus_10,1.2,C5_ZONE_05,14,12.755
C5,plus_10,1.2,C5_ZONE_05,15,27.282
C5,plus_10,1.2,C5_ZONE_05,16,26.202
C5,plus_10,1.2,C5_ZONE_05,17,11.905
C5,plus_10,1.2,C5_ZONE_05,18,11.797
C5,plus_10,1.2,C5_ZONE_05,19,9.965
C5,plus_10,1.2,C5_ZONE_05,20,12.663
C5,plus_10,1.2,C5_ZONE_05,21,12.791
C5,plus_10,1.2,C5_ZONE_05,22,2.762
C5,plus_10,1.2,C5_ZONE_05,23,2.644
C5,plus_10,1.2,C5_ZONE_05,UNKNOWN_TIME,2.761
C5,plus_10,1.2,C5_ZONE_06,06,1.798
C5,plus_10,1.2,C5_ZONE_06,07,4.454
C5,plus_10,1.2,C5_ZONE_06,08,1.788
C5,plus_10,1.2,C5_ZONE_06,09,8.254
C5,plus_10,1.2,C5_ZONE_06,10,5.382
C5,plus_10,1.2,C5_ZONE_06,11,10.861
C5,plus_10,1.2,C5_ZONE_06,12,4.594
C5,plus_10,1.2,C5_ZONE_06,13,3.485
C5,plus_10,1.2,C5_ZONE_06,14,36.412
C5,plus_10,1.2,C5_ZONE_06,15,47.9
C5,plus_10,1.2,C5_ZONE_06,16,42.583
C5,plus_10,1.2,C5_ZONE_06,17,19.855
C5,plus_10,1.2,C5_ZONE_06,18,19.923
C5,plus_10,1.2,C5_ZONE_06,19,16.291
C5,plus_10,1.2,C5_ZONE_06,20,15.609
C5,plus_10,1.2,C5_ZONE_06,21,9.943
C5,plus_10,1.2,C5_ZONE_06,22,0.929
C5,plus_10,1.2,C5_ZONE_06,23,0.876
C5,plus_10,1.2,C5_ZONE_06,UNKNOWN_TIME,2.729
C5,plus_20,1.2,C5_ZONE_01,00,2.002
C5,plus_20,1.2,C5_ZONE_01,01,2.045
C5,plus_20,1.2,C5_ZONE_01,02,1.039
C5,plus_20,1.2,C5_ZONE_01,05,8.064
C5,plus_20,1.2,C5_ZONE_01,06,18.227
C5,plus_20,1.2,C5_ZONE_01,07,20.062
C5,plus_20,1.2,C5_ZONE_01,08,32.124
C5,plus_20,1.2,C5_ZONE_01,09,21.138
C5,plus_20,1.2,C5_ZONE_01,10,11.173
C5,plus_20,1.2,C5_ZONE_01,11,20.042
C5,plus_20,1.2,C5_ZONE_01,12,21.026
C5,plus_20,1.2,C5_ZONE_01,13,11.01
C5,plus_20,1.2,C5_ZONE_01,14,6.995
C5,plus_20,1.2,C5_ZONE_01,15,19.914
C5,plus_20,1.2,C5_ZONE_01,16,16.116
C5,plus_20,1.2,C5_ZONE_01,17,11.136
C5,plus_20,1.2,C5_ZONE_01,18,11.817
C5,plus_20,1.2,C5_ZONE_01,19,8.829
C5,plus_20,1.2,C5_ZONE_01,20,22.027
C5,plus_20,1.2,C5_ZONE_01,21,7.958
C5,plus_20,1.2,C5_ZONE_01,22,3.01
C5,plus_20,1.2,C5_ZONE_01,23,2.942
C5,plus_20,1.2,C5_ZONE_01,UNKNOWN_TIME,1.881
C5,plus_20,1.2,C5_ZONE_02,00,2.055
C5,plus_20,1.2,C5_ZONE_02,02,0.992
C5,plus_20,1.2,C5_ZONE_02,03,2.041
C5,plus_20,1.2,C5_ZONE_02,04,1.021
C5,plus_20,1.2,C5_ZONE_02,06,7.088
C5,plus_20,1.2,C5_ZONE_02,07,33.114
C5,plus_20,1.2,C5_ZONE_02,08,32.252
C5,plus_20,1.2,C5_ZONE_02,09,16.293
C5,plus_20,1.2,C5_ZONE_02,10,20.857
C5,plus_20,1.2,C5_ZONE_02,11,22.98
C5,plus_20,1.2,C5_ZONE_02,12,11.941
C5,plus_20,1.2,C5_ZONE_02,13,17.926
C5,plus_20,1.2,C5_ZONE_02,14,13.112
C5,plus_20,1.2,C5_ZONE_02,15,20.059
C5,plus_20,1.2,C5_ZONE_02,16,22.969
C5,plus_20,1.2,C5_ZONE_02,17,12.153
C5,plus_20,1.2,C5_ZONE_02,18,9.883
C5,plus_20,1.2,C5_ZONE_02,19,11.06
C5,plus_20,1.2,C5_ZONE_02,20,8.179
C5,plus_20,1.2,C5_ZONE_02,21,8.917
C5,plus_20,1.2,C5_ZONE_02,22,3.951
C5,plus_20,1.2,C5_ZONE_02,23,1.964
C5,plus_20,1.2,C5_ZONE_03,00,2.931
C5,plus_20,1.2,C5_ZONE_03,01,1.98
C5,plus_20,1.2,C5_ZONE_03,02,1.053
C5,plus_20,1.2,C5_ZONE_03,03,1.004
C5,plus_20,1.2,C5_ZONE_03,04,1.95
C5,plus_20,1.2,C5_ZONE_03,05,4.088
C5,plus_20,1.2,C5_ZONE_03,06,10.223
C5,plus_20,1.2,C5_ZONE_03,07,22.069
C5,plus_20,1.2,C5_ZONE_03,08,27.073
C5,plus_20,1.2,C5_ZONE_03,09,14.048
C5,plus_20,1.2,C5_ZONE_03,10,22.069
C5,plus_20,1.2,C5_ZONE_03,11,27.067
C5,plus_20,1.2,C5_ZONE_03,12,23.055
C5,plus_20,1.2,C5_ZONE_03,13,14.142
C5,plus_20,1.2,C5_ZONE_03,14,21.087
C5,plus_20,1.2,C5_ZONE_03,15,21.155
C5,plus_20,1.2,C5_ZONE_03,16,20.88
C5,plus_20,1.2,C5_ZONE_03,17,9.049
C5,plus_20,1.2,C5_ZONE_03,18,8.935
C5,plus_20,1.2,C5_ZONE_03,19,7.982
C5,plus_20,1.2,C5_ZONE_03,20,4.974
C5,plus_20,1.2,C5_ZONE_03,21,5.931
C5,plus_20,1.2,C5_ZONE_03,22,3.031
C5,plus_20,1.2,C5_ZONE_03,23,4.039
C5,plus_20,1.2,C5_ZONE_03,UNKNOWN_TIME,0.97
C5,plus_20,1.2,C5_ZONE_04,00,1.013
C5,plus_20,1.2,C5_ZONE_04,02,1.007
C5,plus_20,1.2,C5_ZONE_04,03,2.071
C5,plus_20,1.2,C5_ZONE_04,04,3.071
C5,plus_20,1.2,C5_ZONE_04,05,3.062
C5,plus_20,1.2,C5_ZONE_04,06,11.066
C5,plus_20,1.2,C5_ZONE_04,07,21.051
C5,plus_20,1.2,C5_ZONE_04,08,18.146
C5,plus_20,1.2,C5_ZONE_04,09,18.124
C5,plus_20,1.2,C5_ZONE_04,10,15.215
C5,plus_20,1.2,C5_ZONE_04,11,19.889
C5,plus_20,1.2,C5_ZONE_04,12,14.218
C5,plus_20,1.2,C5_ZONE_04,13,7.091
C5,plus_20,1.2,C5_ZONE_04,14,15.141
C5,plus_20,1.2,C5_ZONE_04,15,35.605
C5,plus_20,1.2,C5_ZONE_04,16,17.234
C5,plus_20,1.2,C5_ZONE_04,17,18.186
C5,plus_20,1.2,C5_ZONE_04,18,10.022
C5,plus_20,1.2,C5_ZONE_04,19,11.068
C5,plus_20,1.2,C5_ZONE_04,20,8.869
C5,plus_20,1.2,C5_ZONE_04,21,14.055
C5,plus_20,1.2,C5_ZONE_04,22,3.008
C5,plus_20,1.2,C5_ZONE_04,23,11.105
C5,plus_20,1.2,C5_ZONE_04,UNKNOWN_TIME,3.013
C5,plus_20,1.2,C5_ZONE_05,00,1.936
C5,plus_20,1.2,C5_ZONE_05,01,0.986
C5,plus_20,1.2,C5_ZONE_05,02,5.067
C5,plus_20,1.2,C5_ZONE_05,04,3.068
C5,plus_20,1.2,C5_ZONE_05,05,4.109
C5,plus_20,1.2,C5_ZONE_05,06,12.049
C5,plus_20,1.2,C5_ZONE_05,07,12.971
C5,plus_20,1.2,C5_ZONE_05,08,18.148
C5,plus_20,1.2,C5_ZONE_05,09,22.04
C5,plus_20,1.2,C5_ZONE_05,10,9.798
C5,plus_20,1.2,C5_ZONE_05,11,23.239
C5,plus_20,1.2,C5_ZONE_05,12,13.022
C5,plus_20,1.2,C5_ZONE_05,13,7.064
C5,plus_20,1.2,C5_ZONE_05,14,13.967
C5,plus_20,1.2,C5_ZONE_05,15,29.954
C5,plus_20,1.2,C5_ZONE_05,16,29.021
C5,plus_20,1.2,C5_ZONE_05,17,12.967
C5,plus_20,1.2,C5_ZONE_05,18,12.947
C5,plus_20,1.2,C5_ZONE_05,19,11.107
C5,plus_20,1.2,C5_ZONE_05,20,14.057
C5,plus_20,1.2,C5_ZONE_05,21,13.917
C5,plus_20,1.2,C5_ZONE_05,22,3.065
C5,plus_20,1.2,C5_ZONE_05,23,2.99
C5,plus_20,1.2,C5_ZONE_05,UNKNOWN_TIME,2.913
C5,plus_20,1.2,C5_ZONE_06,06,1.943
C5,plus_20,1.2,C5_ZONE_06,07,5.012
C5,plus_20,1.2,C5_ZONE_06,08,1.976
C5,plus_20,1.2,C5_ZONE_06,09,9.09
C5,plus_20,1.2,C5_ZONE_06,10,6.061
C5,plus_20,1.2,C5_ZONE_06,11,11.976
C5,plus_20,1.2,C5_ZONE_06,12,5.065
C5,plus_20,1.2,C5_ZONE_06,13,3.982
C5,plus_20,1.2,C5_ZONE_06,14,40.342
C5,plus_20,1.2,C5_ZONE_06,15,52.894
C5,plus_20,1.2,C5_ZONE_06,16,47.082
C5,plus_20,1.2,C5_ZONE_06,17,22.171
C5,plus_20,1.2,C5_ZONE_06,18,22.147
C5,plus_20,1.2,C5_ZONE_06,19,18.252
C5,plus_20,1.2,C5_ZONE_06,20,17.145
C5,plus_20,1.2,C5_ZONE_06,21,11.292
C5,plus_20,1.2,C5_ZONE_06,22,0.986
C5,plus_20,1.2,C5_ZONE_06,23,0.974
C5,plus_20,1.2,C5_ZONE_06,UNKNOWN_TIME,3.027
C5,plus_30,1.2,C5_ZONE_01,00,2.257
C5,plus_30,1.2,C5_ZONE_01,01,2.313
C5,plus_30,1.2,C5_ZONE_01,02,1.169
C5,plus_30,1.2,C5_ZONE_01,05,8.832
C5,plus_30,1.2,C5_ZONE_01,06,20.006
C5,plus_30,1.2,C5_ZONE_01,07,22.064
C5,plus_30,1.2,C5_ZONE_01,08,35.977
C5,plus_30,1.2,C5_ZONE_01,09,23.5
C5,plus_30,1.2,C5_ZONE_01,10,12.319
C5,plus_30,1.2,C5_ZONE_01,11,22.387
C5,plus_30,1.2,C5_ZONE_01,12,23.379
C5,plus_30,1.2,C5_ZONE_01,13,11.999
C5,plus_30,1.2,C5_ZONE_01,14,7.853
C5,plus_30,1.2,C5_ZONE_01,15,22.003
C5,plus_30,1.2,C5_ZONE_01,16,17.812
C5,plus_30,1.2,C5_ZONE_01,17,11.99
C5,plus_30,1.2,C5_ZONE_01,18,13.183
C5,plus_30,1.2,C5_ZONE_01,19,10.03
C5,plus_30,1.2,C5_ZONE_01,20,24.35
C5,plus_30,1.2,C5_ZONE_01,21,8.79
C5,plus_30,1.2,C5_ZONE_01,22,3.315
C5,plus_30,1.2,C5_ZONE_01,23,3.324
C5,plus_30,1.2,C5_ZONE_01,UNKNOWN_TIME,2.273
C5,plus_30,1.2,C5_ZONE_02,00,2.23
C5,plus_30,1.2,C5_ZONE_02,02,1.084
C5,plus_30,1.2,C5_ZONE_02,03,2.199
C5,plus_30,1.2,C5_ZONE_02,04,1.025
C5,plus_30,1.2,C5_ZONE_02,06,7.904
C5,plus_30,1.2,C5_ZONE_02,07,36.586
C5,plus_30,1.2,C5_ZONE_02,08,35.44
C5,plus_30,1.2,C5_ZONE_02,09,17.673
C5,plus_30,1.2,C5_ZONE_02,10,23.459
C5,plus_30,1.2,C5_ZONE_02,11,25.543
C5,plus_30,1.2,C5_ZONE_02,12,13.335
C5,plus_30,1.2,C5_ZONE_02,13,19.958
C5,plus_30,1.2,C5_ZONE_02,14,14.32
C5,plus_30,1.2,C5_ZONE_02,15,21.959
C5,plus_30,1.2,C5_ZONE_02,16,25.447
C5,plus_30,1.2,C5_ZONE_02,17,13.113
C5,plus_30,1.2,C5_ZONE_02,18,11.033
C5,plus_30,1.2,C5_ZONE_02,19,12.09
C5,plus_30,1.2,C5_ZONE_02,20,9.0
C5,plus_30,1.2,C5_ZONE_02,21,9.907
C5,plus_30,1.2,C5_ZONE_02,22,4.361
C5,plus_30,1.2,C5_ZONE_02,23,2.153
C5,plus_30,1.2,C5_ZONE_03,00,3.29
C5,plus_30,1.2,C5_ZONE_03,01,2.221
C5,plus_30,1.2,C5_ZONE_03,02,1.119
C5,plus_30,1.2,C5_ZONE_03,03,1.157
C5,plus_30,1.2,C5_ZONE_03,04,2.279
C5,plus_30,1.2,C5_ZONE_03,05,4.487
C5,plus_30,1.2,C5_ZONE_03,06,11.067
C5,plus_30,1.2,C5_ZONE_03,07,24.344
C5,plus_30,1.2,C5_ZONE_03,08,29.848
C5,plus_30,1.2,C5_ZONE_03,09,15.584
C5,plus_30,1.2,C5_ZONE_03,10,24.212
C5,plus_30,1.2,C5_ZONE_03,11,30.098
C5,plus_30,1.2,C5_ZONE_03,12,25.533
C5,plus_30,1.2,C5_ZONE_03,13,15.558
C5,plus_30,1.2,C5_ZONE_03,14,23.33
C5,plus_30,1.2,C5_ZONE_03,15,23.057
C5,plus_30,1.2,C5_ZONE_03,16,23.182
C5,plus_30,1.2,C5_ZONE_03,17,9.884
C5,plus_30,1.2,C5_ZONE_03,18,10.019
C5,plus_30,1.2,C5_ZONE_03,19,8.686
C5,plus_30,1.2,C5_ZONE_03,20,5.697
C5,plus_30,1.2,C5_ZONE_03,21,6.615
C5,plus_30,1.2,C5_ZONE_03,22,3.315
C5,plus_30,1.2,C5_ZONE_03,23,4.473
C5,plus_30,1.2,C5_ZONE_03,UNKNOWN_TIME,1.017
C5,plus_30,1.2,C5_ZONE_04,00,1.081
C5,plus_30,1.2,C5_ZONE_04,02,1.055
C5,plus_30,1.2,C5_ZONE_04,03,2.241
C5,plus_30,1.2,C5_ZONE_04,04,3.406
C5,plus_30,1.2,C5_ZONE_04,05,3.337
C5,plus_30,1.2,C5_ZONE_04,06,12.134
C5,plus_30,1.2,C5_ZONE_04,07,23.331
C5,plus_30,1.2,C5_ZONE_04,08,20.05
C5,plus_30,1.2,C5_ZONE_04,09,19.986
C5,plus_30,1.2,C5_ZONE_04,10,16.606
C5,plus_30,1.2,C5_ZONE_04,11,21.95
C5,plus_30,1.2,C5_ZONE_04,12,15.344
C5,plus_30,1.2,C5_ZONE_04,13,7.847
C5,plus_30,1.2,C5_ZONE_04,14,16.454
C5,plus_30,1.2,C5_ZONE_04,15,38.792
C5,plus_30,1.2,C5_ZONE_04,16,18.813
C5,plus_30,1.2,C5_ZONE_04,17,19.888
C5,plus_30,1.2,C5_ZONE_04,18,11.163
C5,plus_30,1.2,C5_ZONE_04,19,12.008
C5,plus_30,1.2,C5_ZONE_04,20,9.9
C5,plus_30,1.2,C5_ZONE_04,21,15.604
C5,plus_30,1.2,C5_ZONE_04,22,3.313
C5,plus_30,1.2,C5_ZONE_04,23,11.997
C5,plus_30,1.2,C5_ZONE_04,UNKNOWN_TIME,3.282
C5,plus_30,1.2,C5_ZONE_05,00,2.264
C5,plus_30,1.2,C5_ZONE_05,01,1.053
C5,plus_30,1.2,C5_ZONE_05,02,5.461
C5,plus_30,1.2,C5_ZONE_05,04,3.294
C5,plus_30,1.2,C5_ZONE_05,05,4.287
C5,plus_30,1.2,C5_ZONE_05,06,13.243
C5,plus_30,1.2,C5_ZONE_05,07,14.177
C5,plus_30,1.2,C5_ZONE_05,08,19.78
C5,plus_30,1.2,C5_ZONE_05,09,24.429
C5,plus_30,1.2,C5_ZONE_05,10,11.0
C5,plus_30,1.2,C5_ZONE_05,11,25.507
C5,plus_30,1.2,C5_ZONE_05,12,14.39
C5,plus_30,1.2,C5_ZONE_05,13,7.79
C5,plus_30,1.2,C5_ZONE_05,14,15.513
C5,plus_30,1.2,C5_ZONE_05,15,33.41
C5,plus_30,1.2,C5_ZONE_05,16,32.013
C5,plus_30,1.2,C5_ZONE_05,17,14.435
C5,plus_30,1.2,C5_ZONE_05,18,14.423
C5,plus_30,1.2,C5_ZONE_05,19,12.189
C5,plus_30,1.2,C5_ZONE_05,20,15.45
C5,plus_30,1.2,C5_ZONE_05,21,15.621
C5,plus_30,1.2,C5_ZONE_05,22,3.386
C5,plus_30,1.2,C5_ZONE_05,23,3.218
C5,plus_30,1.2,C5_ZONE_05,UNKNOWN_TIME,3.31
C5,plus_30,1.2,C5_ZONE_06,06,2.253
C5,plus_30,1.2,C5_ZONE_06,07,5.547
C5,plus_30,1.2,C5_ZONE_06,08,2.249
C5,plus_30,1.2,C5_ZONE_06,09,9.928
C5,plus_30,1.2,C5_ZONE_06,10,6.516
C5,plus_30,1.2,C5_ZONE_06,11,13.232
C5,plus_30,1.2,C5_ZONE_06,12,5.54
C5,plus_30,1.2,C5_ZONE_06,13,4.442
C5,plus_30,1.2,C5_ZONE_06,14,43.976
C5,plus_30,1.2,C5_ZONE_06,15,58.424
C5,plus_30,1.2,C5_ZONE_06,16,52.137
C5,plus_30,1.2,C5_ZONE_06,17,24.121
C5,plus_30,1.2,C5_ZONE_06,18,24.149
C5,plus_30,1.2,C5_ZONE_06,19,19.892
C5,plus_30,1.2,C5_ZONE_06,20,18.64
C5,plus_30,1.2,C5_ZONE_06,21,12.372
C5,plus_30,1.2,C5_ZONE_06,22,1.035
C5,plus_30,1.2,C5_ZONE_06,23,1.135
C5,plus_30,1.2,C5_ZONE_06,UNKNOWN_TIME,3.282
